time [d],date,hour,rainfall [mm/day],snowfall [mm/d SWE],Channel Storage [mm],Reservoir Storage [mm],Rivulet Storage [mm],Surface Water [mm],Cum. Losses to Atmosphere [mm],Ponded Water [mm],Soil Water[0] [mm],Soil Water[1] [mm],Soil Water[2] [mm],Snow Melt (Liquid) [mm],Snow [mm],Canopy [mm],Canopy Snow [mm], Total [mm], Cum. Inputs [mm], Cum. Outflow [mm], MB Error [mm]
0,2002-10-01,00:00:00.00,---,---,0.261879,0,0.958248,0,0,0,9.98837,10,10,0,0,0,0,31.2085,0,0,0
1,2002-10-02,00:00:00.00,0,0,0.113551,0,0.479124,0,1.8766,0,8.91689,9.19488,10,0,0,0,0,30.581,0,0.627453,4.10783e-14
2,2002-10-03,00:00:00.00,0,0,-0.034778,0,0.479124,0,3.75327,0,7.90431,8.33079,10,0,0,0,0,30.4327,0,0.775781,2.76446e-14
3,2002-10-04,00:00:00.00,3.1,0,-0.034778,0,0.479124,0,5.57489,1.56972e-18,8.88375,8.62972,10,0,0,0,0,33.5327,3.1,0.775781,5.72875e-14
4,2002-10-05,00:00:00.00,3.3,0,-0.034778,0,0.479124,0,6.82794,-1.19153e-18,10.4869,9.07352,10,0,0,0,0,36.8327,6.4,0.775781,1.12799e-13
5,2002-10-06,00:00:00.00,6.2,0,-0.034778,0,0.479124,0,8.00496,2.98936e-18,13.6958,10.8876,10,0,0,0,0,43.0327,12.6,0.775781,1.77636e-14
6,2002-10-07,00:00:00.00,12.7,0,-0.034778,0,0.479124,0,9.51165,-5.46555e-18,19.5328,16.244,10,0,0,0,0,55.7327,25.3,0.775781,2.4869e-14
7,2002-10-08,00:00:00.00,8.2,0,-0.034778,0,0.479124,0,10.4603,1.62881e-18,22.763,20.2651,10,0,0,0,0,63.9327,33.5,0.775781,-7.10543e-15
8,2002-10-09,00:00:00.00,3.5,0,-0.034778,0,0.479124,0,11.2883,-5.70858e-19,23.893,21.8071,10,0,0,0,0,67.4327,37,0.775781,-4.26326e-14
9,2002-10-10,00:00:00.00,0.5,0,-0.034778,0,0.479124,0,12.2236,-2.48504e-20,23.7153,21.5494,10,0,0,0,0,67.9327,37.5,0.775781,4.26326e-14
10,2002-10-11,00:00:00.00,0,0,-0.034778,0,0.479124,0,13.306,-7.10828e-36,23.2219,20.9605,10,0,0,0,0,67.9327,37.5,0.775781,-1.42109e-14
11,2002-10-12,00:00:00.00,0,0,-0.034778,0,0.479124,0,14.3189,-2.87095e-53,22.8225,20.347,10,0,0,0,0,67.9327,37.5,0.775781,4.26326e-14
12,2002-10-13,00:00:00.00,0,0,-0.034778,0,0.479124,0,15.0017,6.49331e-70,22.7628,19.7239,10,0,0,0,0,67.9327,37.5,0.775781,-2.84217e-14
13,2002-10-14,00:00:00.00,0.8,0.8,-0.034778,0,0.479124,0,15.5514,-6.28184e-20,23.5095,20.0274,10,0,0,0,0,69.5327,39.1,0.775781,4.9738e-14
14,2002-10-15,00:00:00.00,0,0,-0.034778,0,0.479124,0,17.0467,-3.50127e-36,22.6614,19.3802,10,0,0,0,0,69.5327,39.1,0.775781,-7.10543e-15
15,2002-10-16,00:00:00.00,2,0,-0.034778,0,0.479124,0,18.0127,-3.84485e-19,23.2293,19.8463,10,0,0,0,0,71.5327,41.1,0.775781,1.06581e-13
16,2002-10-17,00:00:00.00,4.5,0,-0.034778,0,0.479124,0,19.1618,1.94417e-19,24.668,21.7586,10,0,0,0,0,76.0327,45.6,0.775781,4.26326e-14
17,2002-10-18,00:00:00.00,0,0,-0.034778,0,0.479124,0,20.1944,-4.07957e-35,24.256,21.138,10,0,0,0,0,76.0327,45.6,0.775781,-2.84217e-14
18,2002-10-19,00:00:00.00,0,0,-0.034778,0,0.479124,0,20.9731,-7.16199e-52,24.1088,20.5064,10,0,0,0,0,76.0327,45.6,0.775781,8.52651e-14
19,2002-10-20,00:00:00.00,5.9,0,-0.034778,0,0.479124,0,21.6974,-3.7667e-19,26.5257,23.2653,10,0,0,0,0,81.9327,51.5,0.775781,1.13687e-13
20,2002-10-21,00:00:00.00,0,0,-0.034778,0,0.479124,0,22.6556,1.9234e-35,26.1458,22.6869,10,0,0,0,0,81.9327,51.5,0.775781,2.84217e-14
21,2002-10-22,00:00:00.00,4.6,0,-0.034778,0,0.479124,0,23.8987,1.30337e-18,27.3357,24.854,10,0,0,0,0,86.5327,56.1,0.775781,-5.68434e-14
22,2002-10-23,00:00:00.00,2.8,0,-0.034778,0,0.479124,0,24.9674,1.3009e-19,27.9177,26.0032,10,0,0,0,0,89.3327,58.9,0.775781,1.13687e-13
23,2002-10-24,00:00:00.00,0.4,0,-0.034778,0,0.479124,0,26.0837,-9.78241e-21,27.5259,25.6788,10,0,0,0,0,89.7327,59.3,0.775781,-7.10543e-15
24,2002-10-25,00:00:00.00,2.9,0,-0.034778,0,0.479124,0,26.944,1.56523e-19,28.3791,26.8653,10,0,0,0,0,92.6327,62.2,0.775781,6.39488e-14
25,2002-10-26,00:00:00.00,6.6,0,-0.034778,0,0.479124,0,28.2468,2.13313e-19,30.1576,30.384,10,0,0,0,0,99.2327,68.8,0.775781,-1.42109e-14
26,2002-10-27,00:00:00.00,0,0,-0.034778,0,0.479124,0,28.9956,3.53792e-36,29.9288,29.8639,10,0,0,0,0,99.2327,68.8,0.775781,1.42109e-13
27,2002-10-28,00:00:00.00,9.9,0,-0.034778,0,0.479124,0,30.2108,-1.79214e-18,32.86,35.6176,10,0,0,0,0,109.133,78.7,0.775781,2.13163e-13
28,2002-10-29,00:00:00.00,7.7,0,-0.034778,0,0.479124,0,31.1407,2.14311e-19,34.9023,40.3454,10,0,0,0,0,116.833,86.4,0.775781,1.84741e-13
29,2002-10-30,00:00:00.00,3.4,0,-0.034778,0,0.479124,0,31.9334,0,35.5686,42.2864,10,0,0,0,0,120.233,89.8,0.775781,-1.13687e-13
30,2002-10-31,00:00:00.00,0,0,-0.034778,0,0.479124,0,32.5139,0,35.3985,41.8759,10,0,0,0,0,120.233,89.8,0.775781,-4.26326e-14
31,2002-11-01,00:00:00.00,0.6,0,-0.034778,0,0.479124,0,33.3219,-7.44853e-20,35.2079,41.8586,10,0,0,0,0,120.833,90.4,0.775781,-7.10543e-14
32,2002-11-02,00:00:00.00,2.1,0,-0.034778,0,0.479124,0,34.2191,3.09682e-19,35.4224,42.8468,10,0,0,0,0,122.933,92.5,0.775781,4.26326e-14
33,2002-11-03,00:00:00.00,4.6,0,-0.034778,0,0.479124,0,34.9588,-2.51213e-19,36.5833,45.5463,10,0,0,0,0,127.533,97.1,0.775781,1.7053e-13
34,2002-11-04,00:00:00.00,8.7,0,-0.034778,0,0.479124,0,35.9683,3.195e-19,38.642,51.1782,10,0,0,0,0,136.233,105.8,0.775781,-1.56319e-13
35,2002-11-05,00:00:00.00,0.9,0.9,-0.034778,0,0.479124,0,36.3604,0,39.1075,52.1205,10,0,0,0,0,138.033,107.6,0.775781,-1.98952e-13
36,2002-11-06,00:00:00.00,0,0,-0.034778,0,0.479124,0,36.7368,0,39.0911,51.7605,10,0,0,0,0,138.033,107.6,0.775781,3.41061e-13
37,2002-11-07,00:00:00.00,0,0,-0.034778,0,0.479124,0,37.2321,0,38.9672,51.389,10,0,0,0,0,138.033,107.6,0.775781,1.13687e-13
38,2002-11-08,00:00:00.00,0,2.3,-0.034778,0,0.479124,0,37.773,0,39.0209,51.0142,10,0,2.08025,0,0,140.333,109.9,0.775781,-8.52651e-14
39,2002-11-09,00:00:00.00,11.4,11.4,-0.034778,0,0.479124,0,40.1707,0,43.781,68.7367,10,0,0,0,0,163.133,132.7,0.775781,-1.13687e-13
40,2002-11-10,00:00:00.00,5.6,5.6,-0.034778,0,0.479124,0,41.3525,0,45.5234,77.0124,10,0,0,0,0,174.333,143.9,0.775781,-5.68434e-14
41,2002-11-11,00:00:00.00,2.1,0,-0.034778,0,0.479124,0,41.8302,0,45.7952,78.363,10,0,0,0,0,176.433,146,0.775781,2.55795e-13
42,2002-11-12,00:00:00.00,6.1,0,-0.034778,0,0.479124,0,42.6127,0,46.6963,82.7794,10,0,0,0,0,182.533,152.1,0.775781,-3.97904e-13
43,2002-11-13,00:00:00.00,0,0,-0.034778,0,0.479124,0,43.2391,0,46.3338,82.5155,10,0,0,0,0,182.533,152.1,0.775781,-1.13687e-13
44,2002-11-14,00:00:00.00,0,0,-0.034778,0,0.479124,0,43.8862,0,45.9705,82.2317,10,0,0,0,0,182.533,152.1,0.775781,1.13687e-13
45,2002-11-15,00:00:00.00,0.4,0,-0.034778,0,0.479124,0,44.6468,0,45.6122,82.2294,10,0,0,0,0,182.933,152.5,0.775781,-8.52651e-14
46,2002-11-16,00:00:00.00,0.6,0,-0.034778,0,0.479124,0,45.3667,0,45.3637,82.3579,10,0,0,0,0,183.533,153.1,0.775781,1.13687e-13
47,2002-11-17,00:00:00.00,0,0,-0.034778,0,0.479124,0,46.3578,0,44.7188,82.0117,10,0,0,0,0,183.533,153.1,0.775781,-1.13687e-13
48,2002-11-18,00:00:00.00,0,0,-0.034778,0,0.479124,0,47.0994,0,44.34,81.6489,10,0,0,0,0,183.533,153.1,0.775781,5.68434e-14
49,2002-11-19,00:00:00.00,8,0,-0.034778,0,0.479124,0,48.0498,0,45.9651,87.0735,10,0,0,0,0,191.533,161.1,0.775781,1.7053e-13
50,2002-11-20,00:00:00.00,29.1,0,-0.034778,0,0.479124,0,51.3872,0,50.1273,108.674,10,0,0,0,0,220.633,190.2,0.775781,-1.98952e-13
51,2002-11-21,00:00:00.00,0,0,-0.034778,0,0.479124,0,51.7451,0,49.9901,108.453,10,0,0,0,0,220.633,190.2,0.775781,3.41061e-13
52,2002-11-22,00:00:00.00,0,0,-0.034778,0,0.479124,0,52.3584,0,49.6175,108.212,10,0,0,0,0,220.633,190.2,0.775781,2.55795e-13
53,2002-11-23,00:00:00.00,13.7,0,-0.034778,0,0.479124,0,53.9307,0,51.3484,118.609,10,0,0,0,0,234.333,203.9,0.775781,-2.84217e-14
54,2002-11-24,00:00:00.00,4,0,-0.034778,0,0.479124,0,54.4345,0,51.8784,121.575,10,0,0,0,0,238.333,207.9,0.775781,-1.98952e-13
55,2002-11-25,00:00:00.00,0,0,-0.034778,0,0.479124,0,55.0618,0,51.4687,121.358,10,0,0,0,0,238.333,207.9,0.775781,2.55795e-13
56,2002-11-26,00:00:00.00,0.4,0,-0.034778,0,0.479124,0,55.6228,0,51.2255,121.44,10,0,0,0,0,238.733,208.3,0.775781,-2.55795e-13
57,2002-11-27,00:00:00.00,0,0,-0.034778,0,0.479124,0,56.1059,0,50.9869,121.196,10,0,0,0,0,238.733,208.3,0.775781,7.38964e-13
58,2002-11-28,00:00:00.00,0.5,0,-0.034778,0,0.479124,0,56.3885,0,51.0623,121.338,10,0,0,0,0,239.233,208.8,0.775781,-8.52651e-14
59,2002-11-29,00:00:00.00,0,0,-0.034778,0,0.479124,0,56.8462,0,50.8599,121.082,10,0,0,0,0,239.233,208.8,0.775781,-1.13687e-13
60,2002-11-30,00:00:00.00,14.6,0,-0.034778,0,0.479124,0,58.5215,0,52.7613,132.106,10,0,0,0,0,253.833,223.4,0.775781,3.41061e-13
61,2002-12-01,00:00:00.00,18.9,0,-0.034778,0,0.479124,0,60.6893,0,54.6535,146.946,10,0,0,0,0,272.733,242.3,0.775781,1.7053e-13
62,2002-12-02,00:00:00.00,0,0,-0.034778,0,0.479124,0,61.077,0,54.4449,146.766,10,0,0,0,0,272.733,242.3,0.775781,2.27374e-13
63,2002-12-03,00:00:00.00,0,0,-0.034778,0,0.479124,0,61.4185,0,54.2926,146.577,10,0,0,0,0,272.733,242.3,0.775781,1.7053e-13
64,2002-12-04,00:00:00.00,0.4,0,-0.034778,0,0.479124,0,61.721,0,54.2646,146.703,10,0,0,0,0,273.133,242.7,0.775781,-2.84217e-14
65,2002-12-05,00:00:00.00,0.2,0,-0.034778,0,0.479124,0,61.9116,0,54.3102,146.667,10,0,0,0,0,273.333,242.9,0.775781,8.52651e-14
66,2002-12-06,00:00:00.00,0,0,-0.034778,0,0.479124,0,62.1602,0,54.2622,146.466,10,0,0,0,0,273.333,242.9,0.775781,7.67386e-13
67,2002-12-07,00:00:00.00,0,0,-0.034778,0,0.479124,0,62.3012,0,54.3219,146.265,10,0,0,0,0,273.333,242.9,0.775781,-8.52651e-14
68,2002-12-08,00:00:00.00,0,0,-0.034778,0,0.479124,0,62.4918,0,54.3343,146.062,10,0,0,0,0,273.333,242.9,0.775781,2.55795e-13
69,2002-12-09,00:00:00.00,0,0,-0.034778,0,0.479124,0,62.6682,0,54.3621,145.858,10,0,0,0,0,273.333,242.9,0.775781,1.42109e-13
70,2002-12-10,00:00:00.00,0,0,-0.034778,0,0.479124,0,62.7996,0,54.4344,145.654,10,0,0,0,0,273.333,242.9,0.775781,7.67386e-13
71,2002-12-11,00:00:00.00,0,0,-0.034778,0,0.479124,0,63.0349,0,54.4064,145.447,10,0,0,0,0,273.333,242.9,0.775781,-1.98952e-13
72,2002-12-12,00:00:00.00,0,0,-0.034778,0,0.479124,0,63.2984,0,54.3544,145.236,10,0,0,0,0,273.333,242.9,0.775781,-2.84217e-14
73,2002-12-13,00:00:00.00,0,0,-0.034778,0,0.479124,0,63.4803,0,54.3848,145.023,10,0,0,0,0,273.333,242.9,0.775781,6.53699e-13
74,2002-12-14,00:00:00.00,0,0,-0.034778,0,0.479124,0,63.6714,0,54.407,144.81,10,0,0,0,0,273.333,242.9,0.775781,2.84217e-14
75,2002-12-15,00:00:00.00,0,0,-0.034778,0,0.479124,0,63.9165,0,54.3782,144.594,10,0,0,0,0,273.333,242.9,0.775781,2.84217e-14
76,2002-12-16,00:00:00.00,0,1.2,-0.034778,0,0.479124,0,64.1916,0,54.4334,144.378,10,0,1.08535,0,0,274.533,244.1,0.775781,2.55795e-13
77,2002-12-17,00:00:00.00,1.3,1.3,-0.034778,0,0.479124,0,64.5388,0,54.9355,147.214,10,0,0,0,0,277.133,246.7,0.775781,-5.68434e-14
78,2002-12-18,00:00:00.00,1.34605,2.65395,-0.034778,0,0.479124,0,64.9533,0,55.3366,148.937,10,0.0696189,1.39238,0,0,281.133,250.7,0.775781,8.52651e-13
79,2002-12-19,00:00:00.00,0,2.4,-0.034778,0,0.479124,0,65.1835,0,55.5206,148.752,10,0,3.63269,0,0,283.533,253.1,0.775781,2.84217e-14
80,2002-12-20,00:00:00.00,0,0,-0.034778,0,0.479124,0,65.456,0,55.4393,148.56,10,0,3.63269,0,0,283.533,253.1,0.775781,5.96856e-13
81,2002-12-21,00:00:00.00,0,0,-0.034778,0,0.479124,0,65.8261,0,55.2698,148.36,10,0,3.63269,0,0,283.533,253.1,0.775781,2.55795e-13
82,2002-12-22,00:00:00.00,0,0,-0.034778,0,0.479124,0,65.9962,0,55.4939,149.901,10,0.0808344,1.61669,0,0,283.533,253.1,0.775781,1.50635e-12
83,2002-12-23,00:00:00.00,14.8869,4.71305,-0.034778,0,0.479124,0,68.1534,0,57.1049,162.844,10,0.218372,4.36744,0,0,303.133,272.7,0.775781,5.68434e-13
84,2002-12-24,00:00:00.00,0,0,-0.034778,0,0.479124,0,68.3475,0,57.0689,162.686,10,0,4.58581,0,0,303.133,272.7,0.775781,2.27374e-13
85,2002-12-25,00:00:00.00,0,1.1,-0.034778,0,0.479124,0,68.5477,0,57.1327,162.527,10,0,5.58071,0,0,304.233,273.8,0.775781,2.27374e-13
86,2002-12-26,00:00:00.00,0,0,-0.034778,0,0.479124,0,68.8219,0,57.0249,162.361,10,0,5.58071,0,0,304.233,273.8,0.775781,9.09495e-13
87,2002-12-27,00:00:00.00,0,0.9,-0.034778,0,0.479124,0,69.1038,0,56.9993,162.191,10,0,6.39472,0,0,305.133,274.7,0.775781,-5.68434e-14
88,2002-12-28,00:00:00.00,0,0,-0.034778,0,0.479124,0,69.4846,0,57.3425,167.861,10,0,0,0,0,305.133,274.7,0.775781,0
89,2002-12-29,00:00:00.00,0.4,0,-0.034778,0,0.479124,0,69.8575,0,57.222,168.009,10,0,0,0,0,305.533,275.1,0.775781,5.11591e-13
90,2002-12-30,00:00:00.00,13.1,0,-0.034778,0,0.479124,0,71.36,0,58.4024,178.426,10,0,0,0,0,318.633,288.2,0.775781,2.27374e-13
91,2002-12-31,00:00:00.00,17.1,17.1,-0.034778,0,0.479124,0,74.9544,0,59.9629,196.524,10,0.521309,10.4262,0,0,352.833,322.4,0.775781,3.41061e-13
92,2003-01-01,00:00:00.00,0,1.4,-0.034778,0,0.479124,0,75.1927,0,59.9791,196.403,10,0,12.2137,0,0,354.233,323.8,0.775781,-3.41061e-13
93,2003-01-02,00:00:00.00,0,4.9,-0.034778,0,0.479124,0,75.7826,0,59.98,196.28,10,0,16.6456,0,0,359.133,328.7,0.775781,2.84217e-13
94,2003-01-03,00:00:00.00,11,0,-0.034778,0,0.479124,0,77.0462,0,61.7084,220.934,10,0,0,0,0,370.133,339.7,0.775781,7.95808e-13
95,2003-01-04,00:00:00.00,4.6,4.6,-0.034778,0,0.479124,0,78.0145,0,62.2122,228.662,10,0,0,0,0,379.333,348.9,0.775781,-1.7053e-13
96,2003-01-05,00:00:00.00,0,0.7,-0.034778,0,0.479124,0,78.3601,0,62.0364,228.559,10,0,0.633119,0,0,380.033,349.6,0.775781,-1.13687e-13
97,2003-01-06,00:00:00.00,0,0.2,-0.034778,0,0.479124,0,78.5351,0,61.9876,228.452,10,0,0.81401,0,0,380.233,349.8,0.775781,-1.13687e-13
98,2003-01-07,00:00:00.00,0,5.3,-0.034778,0,0.479124,0,79.0437,0,62.0904,228.347,10,0,5.60762,0,0,385.533,355.1,0.775781,5.68434e-14
99,2003-01-08,00:00:00.00,0,1,-0.034778,0,0.479124,0,79.1781,0,62.1559,228.242,10,0,6.51208,0,0,386.533,356.1,0.775781,-2.27374e-13
100,2003-01-09,00:00:00.00,0,0,-0.034778,0,0.479124,0,79.2636,0,62.176,228.137,10,0,6.51208,0,0,386.533,356.1,0.775781,1.13687e-13
101,2003-01-10,00:00:00.00,0,0,-0.034778,0,0.479124,0,79.3414,0,62.2047,228.03,10,0,6.51208,0,0,386.533,356.1,0.775781,-4.54747e-13
102,2003-01-11,00:00:00.00,0,1.2,-0.034778,0,0.479124,0,79.5744,0,62.1949,227.922,10,0,7.59742,0,0,387.733,357.3,0.775781,-6.82121e-13
103,2003-01-12,00:00:00.00,0,0.3,-0.034778,0,0.479124,0,79.7795,0,62.1314,227.809,10,0,7.86876,0,0,388.033,357.6,0.775781,5.68434e-13
104,2003-01-13,00:00:00.00,0,0.2,-0.034778,0,0.479124,0,80.2184,0,61.838,227.682,10,0,8.04965,0,0,388.233,357.8,0.775781,0
105,2003-01-14,00:00:00.00,1.60218,8.19782,-0.034778,0,0.479124,0,81.1855,0,62.0227,228.514,10,0.402483,15.4642,0,0,398.033,367.6,0.775781,1.13687e-13
106,2003-01-15,00:00:00.00,0.4,0,-0.034778,0,0.479124,0,81.5433,0,62.79,243.655,10,0,0,0,0,398.433,368,0.775781,2.27374e-13
107,2003-01-16,00:00:00.00,0,0,-0.034778,0,0.479124,0,81.9636,0,62.4865,243.538,10,0,0,0,0,398.433,368,0.775781,-4.54747e-13
108,2003-01-17,00:00:00.00,0,0,-0.034778,0,0.479124,0,82.4284,0,62.1531,243.407,10,0,0,0,0,398.433,368,0.775781,7.95808e-13
109,2003-01-18,00:00:00.00,0,0,-0.034778,0,0.479124,0,82.9566,0,61.7721,243.26,10,0,0,0,0,398.433,368,0.775781,-1.13687e-12
110,2003-01-19,00:00:00.00,0,0,-0.034778,0,0.479124,0,83.4518,0,61.4377,243.099,10,0,0,0,0,398.433,368,0.775781,3.41061e-13
111,2003-01-20,00:00:00.00,0.4,0,-0.034778,0,0.479124,0,83.9593,0,61.1748,243.254,10,0,0,0,0,398.833,368.4,0.775781,-2.27374e-13
112,2003-01-21,00:00:00.00,0,0,-0.034778,0,0.479124,0,84.4112,0,60.9035,243.074,10,0,0,0,0,398.833,368.4,0.775781,-5.68434e-13
113,2003-01-22,00:00:00.00,0,0,-0.034778,0,0.479124,0,84.8352,0,60.6683,242.885,10,0,0,0,0,398.833,368.4,0.775781,9.09495e-13
114,2003-01-23,00:00:00.00,0,0,-0.034778,0,0.479124,0,85.4346,0,60.2721,242.682,10,0,0,0,0,398.833,368.4,0.775781,7.95808e-13
115,2003-01-24,00:00:00.00,6.9,6.9,-0.034778,0,0.479124,0,86.886,0,61.659,253.643,10,0,0,0,0,412.633,382.2,0.775781,-2.84217e-13
116,2003-01-25,00:00:00.00,2.2,2.2,-0.034778,0,0.479124,0,87.3509,0,62.048,257.189,10,0,0,0,0,417.033,386.6,0.775781,2.84217e-13
117,2003-01-26,00:00:00.00,0,2.5,-0.034778,0,0.479124,0,87.687,0,62.2148,259.187,10,0,0,0,0,419.533,389.1,0.775781,5.68434e-14
118,2003-01-27,00:00:00.00,0,0,-0.034778,0,0.479124,0,88.0382,0,61.9966,259.054,10,0,0,0,0,419.533,389.1,0.775781,0
119,2003-01-28,00:00:00.00,6.4,0,-0.034778,0,0.479124,0,88.7897,0,62.4753,264.223,10,0,0,0,0,425.933,395.5,0.775781,6.82121e-13
120,2003-01-29,00:00:00.00,4.9,4.9,-0.034778,0,0.479124,0,89.8263,0,63.0991,272.363,10,0,0,0,0,435.733,405.3,0.775781,-5.11591e-13
121,2003-01-30,00:00:00.00,0,7.9,-0.034778,0,0.479124,0,90.5814,0,63.4026,275.936,10,0.15566,3.11319,0,0,443.633,413.2,0.775781,5.68434e-13
122,2003-01-31,00:00:00.00,0,2.2,-0.034778,0,0.479124,0,90.9762,0,63.3228,275.831,10,0,5.25866,0,0,445.833,415.4,0.775781,0
123,2003-02-01,00:00:00.00,0,2.8,-0.034778,0,0.479124,0,91.3595,0,63.3138,275.724,10,0,7.79113,0,0,448.633,418.2,0.775781,-1.13687e-13
124,2003-02-02,00:00:00.00,0,0,-0.034778,0,0.479124,0,91.6531,0,63.136,275.608,10,0,7.79113,0,0,448.633,418.2,0.775781,5.11591e-13
125,2003-02-03,00:00:00.00,0,3.4,-0.034778,0,0.479124,0,92.2274,0,63.0086,275.486,10,0,10.8663,0,0,452.033,421.6,0.775781,9.09495e-13
126,2003-02-04,00:00:00.00,1.5,1.5,-0.034778,0,0.479124,0,92.7798,0,63.6892,287.986,10,0.00634799,0.12696,0,0,455.033,424.6,0.775781,2.27374e-13
127,2003-02-05,00:00:00.00,0,0,-0.034778,0,0.479124,0,93.192,0,63.3947,287.868,10,0,0.133308,0,0,455.033,424.6,0.775781,6.25278e-13
128,2003-02-06,00:00:00.00,0,0,-0.034778,0,0.479124,0,93.6631,0,63.0562,287.736,10,0,0.133308,0,0,455.033,424.6,0.775781,-5.68434e-14
129,2003-02-07,00:00:00.00,0,2.4,-0.034778,0,0.479124,0,93.9531,0,63.1255,287.606,10,0,2.304,0,0,457.433,427,0.775781,6.25278e-13
130,2003-02-08,00:00:00.00,0,4.2,-0.034778,0,0.479124,0,94.3987,0,63.2079,287.479,10,0,6.10271,0,0,461.633,431.2,0.775781,3.97904e-13
131,2003-02-09,00:00:00.00,0,2.4,-0.034778,0,0.479124,0,94.8985,0,63.07,287.346,10,0,8.2734,0,0,464.033,433.6,0.775781,1.7053e-12
132,2003-02-10,00:00:00.00,0,0,-0.034778,0,0.479124,0,95.2654,0,62.8456,287.204,10,0,8.2734,0,0,464.033,433.6,0.775781,1.7053e-13
133,2003-02-11,00:00:00.00,0,0,-0.034778,0,0.479124,0,95.6676,0,62.5962,287.051,10,0,8.2734,0,0,464.033,433.6,0.775781,6.25278e-13
134,2003-02-12,00:00:00.00,0,0,-0.034778,0,0.479124,0,95.9947,0,62.4286,286.892,10,0,8.2734,0,0,464.033,433.6,0.775781,1.7053e-13
135,2003-02-13,00:00:00.00,0,0,-0.034778,0,0.479124,0,96.3164,0,62.2722,286.726,10,0,8.2734,0,0,464.033,433.6,0.775781,-7.38964e-13
136,2003-02-14,00:00:00.00,0,0,-0.034778,0,0.479124,0,96.6559,0,62.1042,286.555,10,0,8.2734,0,0,464.033,433.6,0.775781,4.54747e-13
137,2003-02-15,00:00:00.00,0,0,-0.034778,0,0.479124,0,97.0612,0,61.8788,286.375,10,0,8.2734,0,0,464.033,433.6,0.775781,8.52651e-13
138,2003-02-16,00:00:00.00,0,4.7,-0.034778,0,0.479124,0,97.6758,0,61.8908,286.197,10,0,12.5243,0,0,468.733,438.3,0.775781,-5.68434e-14
139,2003-02-17,00:00:00.00,0,0.3,-0.034778,0,0.479124,0,98.0098,0,61.7671,286.016,10,0,12.7957,0,0,469.033,438.6,0.775781,3.41061e-13
140,2003-02-18,00:00:00.00,0,0,-0.034778,0,0.479124,0,98.3256,0,61.6371,285.83,10,0,12.7957,0,0,469.033,438.6,0.775781,1.02318e-12
141,2003-02-19,00:00:00.00,0,0,-0.034778,0,0.479124,0,98.785,0,61.3732,285.634,10,0,12.7957,0,0,469.033,438.6,0.775781,-5.68434e-13
142,2003-02-20,00:00:00.00,0,0,-0.034778,0,0.479124,0,99.1047,0,61.2525,285.436,10,0,12.7957,0,0,469.033,438.6,0.775781,1.13687e-13
143,2003-02-21,00:00:00.00,0,0,-0.034778,0,0.479124,0,99.5785,0,60.9869,285.227,10,0,12.7957,0,0,469.033,438.6,0.775781,5.11591e-13
144,2003-02-22,00:00:00.00,0,0,-0.034778,0,0.479124,0,100.218,0,60.5707,285.004,10,0,12.7957,0,0,469.033,438.6,0.775781,1.13687e-12
145,2003-02-23,00:00:00.00,0,0,-0.034778,0,0.479124,0,101.125,0,59.912,284.756,10,0,12.7957,0,0,469.033,438.6,0.775781,7.95808e-13
146,2003-02-24,00:00:00.00,0,0,-0.034778,0,0.479124,0,101.906,0,59.3962,284.49,10,0,12.7957,0,0,469.033,438.6,0.775781,6.25278e-13
147,2003-02-25,00:00:00.00,0,0,-0.034778,0,0.479124,0,102.825,0,58.7651,284.203,10,0,12.7957,0,0,469.033,438.6,0.775781,-7.95808e-13
148,2003-02-26,00:00:00.00,0,0,-0.034778,0,0.479124,0,104.059,0,58.0574,285.153,10,0.538984,10.7797,0,0,469.033,438.6,0.775781,-2.84217e-13
149,2003-02-27,00:00:00.00,0,0,-0.034778,0,0.479124,0,105.311,0,58.1795,290.659,10,0.211384,4.22768,0,0,469.033,438.6,0.775781,5.11591e-13
150,2003-02-28,00:00:00.00,0,0,-0.034778,0,0.479124,0,106.459,0,57.9421,294.187,10,0,0,0,0,469.033,438.6,0.775781,2.84217e-13
151,2003-03-01,00:00:00.00,0,0,-0.034778,0,0.479124,0,107.823,0,56.899,293.866,10,0,0,0,0,469.033,438.6,0.775781,-1.53477e-12
152,2003-03-02,00:00:00.00,0,0,-0.034778,0,0.479124,0,108.989,0,56.0839,293.516,10,0,0,0,0,469.033,438.6,0.775781,-5.11591e-13
153,2003-03-03,00:00:00.00,1.2,0,-0.034778,0,0.479124,0,109.991,0,55.7666,294.031,10,0,0,0,0,470.233,439.8,0.775781,-5.11591e-13
154,2003-03-04,00:00:00.00,0.3,0.3,-0.034778,0,0.479124,0,110.751,0,55.5262,294.111,10,0,0,0,0,470.833,440.4,0.775781,2.27374e-13
155,2003-03-05,00:00:00.00,0,0,-0.034778,0,0.479124,0,111.256,0,55.3799,293.753,10,0,0,0,0,470.833,440.4,0.775781,-4.54747e-13
156,2003-03-06,00:00:00.00,0,0,-0.034778,0,0.479124,0,112.414,0,54.6066,293.368,10,0,0,0,0,470.833,440.4,0.775781,3.41061e-13
157,2003-03-07,00:00:00.00,1.7,1.7,-0.034778,0,0.479124,0,113.391,0,54.9564,295.441,10,0,0,0,0,474.233,443.8,0.775781,-5.68434e-14
158,2003-03-08,00:00:00.00,2.7,0,-0.034778,0,0.479124,0,113.952,0,55.4714,297.065,10,0,0,0,0,476.933,446.5,0.775781,-5.68434e-13
159,2003-03-09,00:00:00.00,3.2,0,-0.034778,0,0.479124,0,115.321,0,55.2734,299.094,10,0,0,0,0,480.133,449.7,0.775781,5.68434e-13
160,2003-03-10,00:00:00.00,1,0,-0.034778,0,0.479124,0,116.28,0,54.9185,299.49,10,0,0,0,0,481.133,450.7,0.775781,-5.11591e-13
161,2003-03-11,00:00:00.00,0,0,-0.034778,0,0.479124,0,117.982,0,53.606,299.1,10,0,0,0,0,481.133,450.7,0.775781,-6.82121e-13
162,2003-03-12,00:00:00.00,10.2,0,-0.034778,0,0.479124,0,119.587,0,55.3098,305.992,10,0,0,0,0,491.333,460.9,0.775781,1.08002e-12
163,2003-03-13,00:00:00.00,5.8,0,-0.034778,0,0.479124,0,120.856,0,55.7583,310.074,10,0,0,0,0,497.133,466.7,0.775781,-2.84217e-13
164,2003-03-14,00:00:00.00,0,0.5,-0.034778,0,0.479124,0,121.688,0,55.3337,310.166,10,0,0,0,0,497.633,467.2,0.775781,-5.68434e-13
165,2003-03-15,00:00:00.00,0,0.2,-0.034778,0,0.479124,0,122.269,0,55.0776,309.86,10,0,0.180891,0,0,497.833,467.4,0.775781,3.41061e-13
166,2003-03-16,00:00:00.00,0,0,-0.034778,0,0.479124,0,123.302,0,54.4068,309.68,10,0,0,0,0,497.833,467.4,0.775781,-1.7053e-13
167,2003-03-17,00:00:00.00,0,0,-0.034778,0,0.479124,0,124.756,0,53.3282,309.304,10,0,0,0,0,497.833,467.4,0.775781,6.82121e-13
168,2003-03-18,00:00:00.00,0,0,-0.034778,0,0.479124,0,126.22,0,52.2792,308.89,10,0,0,0,0,497.833,467.4,0.775781,1.08002e-12
169,2003-03-19,00:00:00.00,0,0,-0.034778,0,0.479124,0,127.831,0,51.125,308.433,10,0,0,0,0,497.833,467.4,0.775781,7.95808e-13
170,2003-03-20,00:00:00.00,0,0,-0.034778,0,0.479124,0,129.294,0,50.1516,307.943,10,0,0,0,0,497.833,467.4,0.775781,0
171,2003-03-21,00:00:00.00,0,0,-0.034778,0,0.479124,0,129.839,0,50.0915,307.458,10,0,0,0,0,497.833,467.4,0.775781,5.68434e-13
172,2003-03-22,00:00:00.00,0,0,-0.034778,0,0.479124,0,130.779,0,49.648,306.962,10,0,0,0,0,497.833,467.4,0.775781,-2.27374e-13
173,2003-03-23,00:00:00.00,0,0,-0.034778,0,0.479124,0,132.14,0,48.8096,306.439,10,0,0,0,0,497.833,467.4,0.775781,-5.68434e-13
174,2003-03-24,00:00:00.00,0,0,-0.034778,0,0.479124,0,134.27,0,47.2572,305.861,10,0,0,0,0,497.833,467.4,0.775781,0
175,2003-03-25,00:00:00.00,0,0,-0.034778,0,0.479124,0,136.605,0,45.5504,305.233,10,0,0,0,0,497.833,467.4,0.775781,1.47793e-12
176,2003-03-26,00:00:00.00,0,0,-0.034778,0,0.479124,0,139.079,0,43.7377,304.572,10,0,0,0,0,497.833,467.4,0.775781,9.09495e-13
177,2003-03-27,00:00:00.00,0,0,-0.034778,0,0.479124,0,141.116,0,42.3857,303.886,10,0,0,0,0,497.833,467.4,0.775781,7.95808e-13
178,2003-03-28,00:00:00.00,4.2,0,-0.034778,0,0.479124,0,143.73,-7.61764e-20,42.6448,305.213,10,0,0,0,0,502.033,471.6,0.775781,1.7053e-13
179,2003-03-29,00:00:00.00,0,0,-0.034778,0,0.479124,0,145.762,-2.11285e-35,41.3063,304.521,10,0,0,0,0,502.033,471.6,0.775781,4.54747e-13
180,2003-03-30,00:00:00.00,0,0,-0.034778,0,0.479124,0,148.442,1.77885e-51,39.3603,303.786,10,0,0,0,0,502.033,471.6,0.775781,-5.11591e-13
181,2003-03-31,00:00:00.00,0,0,-0.034778,0,0.479124,0,150.396,4.16634e-69,38.1621,303.031,10,0,0,0,0,502.033,471.6,0.775781,1.7053e-13
182,2003-04-01,00:00:00.00,0,0,-0.034778,0,0.479124,0,151.778,1.50322e-85,37.5446,302.266,10,0,0,0,0,502.033,471.6,0.775781,2.84217e-13
183,2003-04-02,00:00:00.00,4,0,-0.034778,0,0.479124,0,154.612,-1.03674e-18,37.7856,303.191,10,0,0,0,0,506.033,475.6,0.775781,-9.09495e-13
184,2003-04-03,00:00:00.00,2.8,2.8,-0.034778,0,0.479124,0,156.202,-2.66125e-18,39.605,305.382,10,0,0,0,0,511.633,481.2,0.775781,9.66338e-13
185,2003-04-04,00:00:00.00,0.8,0.8,-0.034778,0,0.479124,0,157.444,1.70055e-20,39.665,305.679,10,0,0,0,0,513.233,482.8,0.775781,-1.13687e-13
186,2003-04-05,00:00:00.00,0,0,-0.034778,0,0.479124,0,159.079,-8.12214e-37,38.6898,305.019,10,0,0,0,0,513.233,482.8,0.775781,7.95808e-13
187,2003-04-06,00:00:00.00,0,0.5,-0.034778,0,0.479124,0,160.547,-1.63997e-19,38.1198,304.621,10,0,0,0,0,513.733,483.3,0.775781,1.13687e-13
188,2003-04-07,00:00:00.00,0,4.3,-0.034778,0,0.479124,0,161.405,8.40917e-37,38.3383,303.956,10,0,3.88916,0,0,518.033,487.6,0.775781,8.52651e-13
189,2003-04-08,00:00:00.00,0,1.2,-0.034778,0,0.479124,0,162.295,-8.26119e-53,38.2291,303.289,10,0,4.9745,0,0,519.233,488.8,0.775781,1.7053e-12
190,2003-04-09,00:00:00.00,0,0.3,-0.034778,0,0.479124,0,163.134,-2.33248e-70,38.0878,302.621,10,0,5.24584,0,0,519.533,489.1,0.775781,-8.52651e-13
191,2003-04-10,00:00:00.00,0,0,-0.034778,0,0.479124,0,164.351,0,37.5583,301.933,10,0,5.24584,0,0,519.533,489.1,0.775781,1.7053e-13
192,2003-04-11,00:00:00.00,0,0.7,-0.034778,0,0.479124,0,166.327,5.23013e-20,38.6151,304.846,10,0,0,0,0,520.233,489.8,0.775781,-2.27374e-13
193,2003-04-12,00:00:00.00,0,0.2,-0.034778,0,0.479124,0,167.781,0,37.8982,304.309,10,0,0,0,0,520.433,490,0.775781,9.66338e-13
194,2003-04-13,00:00:00.00,0,0,-0.034778,0,0.479124,0,169.902,0,36.4864,303.6,10,0,0,0,0,520.433,490,0.775781,2.84217e-13
195,2003-04-14,00:00:00.00,0,0,-0.034778,0,0.479124,0,172.855,0,34.3227,302.81,10,0,0,0,0,520.433,490,0.775781,1.08002e-12
196,2003-04-15,00:00:00.00,0,0,-0.034778,0,0.479124,0,176.087,0,31.9234,301.978,10,0,0,0,0,520.433,490,0.775781,-5.11591e-13
197,2003-04-16,00:00:00.00,0,0,-0.034778,0,0.479124,0,179.121,0,29.7586,301.109,10,0,0,0,0,520.433,490,0.775781,1.64846e-12
198,2003-04-17,00:00:00.00,0,0,-0.034778,0,0.479124,0,181.864,0,27.9115,300.213,10,0,0,0,0,520.433,490,0.775781,5.68434e-14
199,2003-04-18,00:00:00.00,0,0,-0.034778,0,0.479124,0,184.307,0,26.3828,299.299,10,0,0,0,0,520.433,490,0.775781,1.76215e-12
200,2003-04-19,00:00:00.00,15.9,0,-0.034778,0,0.479124,0,186.253,-9.09237e-18,35.5684,304.067,10,0,0,0,0,536.333,505.9,0.775781,5.68434e-14
201,2003-04-20,00:00:00.00,12.1,0,-0.034778,0,0.479124,0,188.174,0,38.6489,311.165,10,0,0,0,0,548.433,518,0.775781,2.27374e-13
202,2003-04-21,00:00:00.00,0,0,-0.034778,0,0.479124,0,191.554,0,35.8477,310.586,10,0,0,0,0,548.433,518,0.775781,3.41061e-13
203,2003-04-22,00:00:00.00,0,0,-0.034778,0,0.479124,0,194.765,0,33.322,309.901,10,0,0,0,0,548.433,518,0.775781,0
204,2003-04-23,00:00:00.00,0,0,-0.034778,0,0.479124,0,198.565,0,30.3283,309.095,10,0,0,0,0,548.433,518,0.775781,-6.82121e-13
205,2003-04-24,00:00:00.00,0,0,-0.034778,0,0.479124,0,201.741,0,28.004,308.243,10,0,0,0,0,548.433,518,0.775781,2.27374e-13
206,2003-04-25,00:00:00.00,0,0,-0.034778,0,0.479124,0,204.821,0,25.8172,307.35,10,0,0,0,0,548.433,518,0.775781,-1.13687e-12
207,2003-04-26,00:00:00.00,0,0,-0.034778,0,0.479124,0,208.193,0,23.3825,306.413,10,0,0,0,0,548.433,518,0.775781,6.82121e-13
208,2003-04-27,00:00:00.00,2.6,0,-0.034778,0,0.479124,0,211.75,-1.36685e-18,22.635,306.203,10,0,0,0,0,551.033,520.6,0.775781,0
209,2003-04-28,00:00:00.00,2.6,0,-0.034778,0,0.479124,0,214.16,6.18606e-18,23.005,306.023,10,0,0,0,0,553.633,523.2,0.775781,-6.82121e-13
210,2003-04-29,00:00:00.00,0,0,-0.034778,0,0.479124,0,216.868,-1.90081e-34,21.2555,305.064,10,0,0,0,0,553.633,523.2,0.775781,-1.02318e-12
211,2003-04-30,00:00:00.00,0,0,-0.034778,0,0.479124,0,218.833,-2.27826e-51,20.2603,304.095,10,0,0,0,0,553.633,523.2,0.775781,1.93268e-12
212,2003-05-01,00:00:00.00,0,0,-0.034778,0,0.479124,0,221.716,-9.57659e-70,18.3676,303.104,10,0,0,0,0,553.633,523.2,0.775781,2.27374e-13
213,2003-05-02,00:00:00.00,0,0,-0.034778,0,0.479124,0,223.576,-2.66033e-86,17.5064,302.106,10,0,0,0,0,553.633,523.2,0.775781,1.13687e-12
214,2003-05-03,00:00:00.00,0,0,-0.034778,0,0.479124,0,226.153,-8.35398e-103,15.9411,301.094,10,0,0,0,0,553.633,523.2,0.775781,6.82121e-13
215,2003-05-04,00:00:00.00,0,0,-0.034778,0,0.479124,0,227.566,3.27573e-119,15.5439,300.078,10,0,0,0,0,553.633,523.2,0.775781,9.09495e-13
216,2003-05-05,00:00:00.00,0,0,-0.034778,0,0.479124,0,230.178,1.8184e-135,13.9603,299.05,10,0,0,0,0,553.633,523.2,0.775781,1.25056e-12
217,2003-05-06,00:00:00.00,0,0,-0.034778,0,0.479124,0,233.301,6.72943e-152,11.8833,298.004,10,0,0,0,0,553.633,523.2,0.775781,2.16005e-12
218,2003-05-07,00:00:00.00,0,0,-0.034778,0,0.479124,0,235.568,0,10.6711,296.95,10,0,0,0,0,553.633,523.2,0.775781,6.82121e-13
219,2003-05-08,00:00:00.00,0,0,-0.034778,0,0.479124,0,237.239,0,10.0595,295.89,10,0,0,0,0,553.633,523.2,0.775781,-1.81899e-12
220,2003-05-09,00:00:00.00,10.7,0,-0.034778,0,0.479124,0,243.139,1.36024e-17,14.2681,296.481,10,0,0,0,0,564.333,533.9,0.775781,-4.54747e-13
221,2003-05-10,00:00:00.00,9.6,0,-0.034778,0,0.479124,0,246.055,-2.43793e-18,18.0984,299.335,10,0,0,0,0,573.933,543.5,0.775781,3.41061e-13
222,2003-05-11,00:00:00.00,0,0,-0.034778,0,0.479124,0,248.456,6.84024e-35,16.5474,298.485,10,0,0,0,0,573.933,543.5,0.775781,-1.13687e-13
223,2003-05-12,00:00:00.00,0,0,-0.034778,0,0.479124,0,252.181,2.93817e-51,13.7913,297.517,10,0,0,0,0,573.933,543.5,0.775781,-1.13687e-13
224,2003-05-13,00:00:00.00,2.2,0,-0.034778,0,0.479124,0,255.647,3.84288e-19,12.8104,297.231,10,0,0,0,0,576.133,545.7,0.775781,6.82121e-13
225,2003-05-14,00:00:00.00,0,0,-0.034778,0,0.479124,0,258.513,1.52751e-34,10.9824,296.193,10,0,0,0,0,576.133,545.7,0.775781,1.13687e-13
226,2003-05-15,00:00:00.00,0,0,-0.034778,0,0.479124,0,260.679,2.51382e-51,9.86861,295.141,10,0,0,0,0,576.133,545.7,0.775781,4.54747e-13
227,2003-05-16,00:00:00.00,4.4,0,-0.034778,0,0.479124,0,262.838,4.71988e-18,12.3057,294.944,10,0,0,0,0,580.533,550.1,0.775781,-5.68434e-13
228,2003-05-17,00:00:00.00,0,0,-0.034778,0,0.479124,0,266.58,2.1369e-34,9.62036,293.888,10,0,0,0,0,580.533,550.1,0.775781,0
229,2003-05-18,00:00:00.00,1,0,-0.034778,0,0.479124,0,269.805,2.47054e-19,8.26792,293.016,10,0,0,0,0,581.533,551.1,0.775781,2.27374e-13
230,2003-05-19,00:00:00.00,2.9,0,-0.034778,0,0.479124,0,273.001,3.80264e-18,8.62474,292.363,10,0,0,0,0,584.433,554,0.775781,-3.41061e-13
231,2003-05-20,00:00:00.00,5.1,0,-0.034778,0,0.479124,0,276,5.85825e-18,10.7285,292.36,10,0,0,0,0,589.533,559.1,0.775781,2.27374e-13
232,2003-05-21,00:00:00.00,0,0,-0.034778,0,0.479124,0,278.549,1.01717e-35,9.23216,291.307,10,0,0,0,0,589.533,559.1,0.775781,-4.54747e-13
233,2003-05-22,00:00:00.00,0,0,-0.034778,0,0.479124,0,281.196,-1.3854e-52,7.65532,290.237,10,0,0,0,0,589.533,559.1,0.775781,0
234,2003-05-23,00:00:00.00,0,0,-0.034778,0,0.479124,0,283.399,6.32615e-68,6.53377,289.156,10,0,0,0,0,589.533,559.1,0.775781,1.13687e-12
235,2003-05-24,00:00:00.00,0,0,-0.034778,0,0.479124,0,285.434,-7.00381e-86,5.58733,288.067,10,0,0,0,0,589.533,559.1,0.775781,-9.09495e-13
236,2003-05-25,00:00:00.00,0,0,-0.034778,0,0.479124,0,287.429,9.04445e-103,4.68769,286.972,10,0,0,0,0,589.533,559.1,0.775781,3.41061e-13
237,2003-05-26,00:00:00.00,0,0,-0.034778,0,0.479124,0,289.162,-6.08043e-118,4.05492,285.872,10,0,0,0,0,589.533,559.1,0.775781,1.81899e-12
238,2003-05-27,00:00:00.00,7.7,0,-0.034778,0,0.479124,0,292.111,1.0176e-18,9.13402,285.543,10,0,0,0,0,597.233,566.8,0.775781,-1.13687e-13
239,2003-05-28,00:00:00.00,0,0,-0.034778,0,0.479124,0,295.181,4.08084e-35,7.08121,284.526,10,0,0,0,0,597.233,566.8,0.775781,0
240,2003-05-29,00:00:00.00,0,0,-0.034778,0,0.479124,0,298.534,-1.26929e-50,4.81859,283.436,10,0,0,0,0,597.233,566.8,0.775781,4.54747e-13
241,2003-05-30,00:00:00.00,0,0,-0.034778,0,0.479124,0,300.752,2.09788e-68,3.70083,282.336,10,0,0,0,0,597.233,566.8,0.775781,4.54747e-13
242,2003-05-31,00:00:00.00,0,0,-0.034778,0,0.479124,0,302.733,2.3609e-85,2.82626,281.229,10,0,0,0,0,597.233,566.8,0.775781,4.54747e-13
243,2003-06-01,00:00:00.00,0.9,0,-0.034778,0,0.479124,0,304.921,1.12824e-19,2.58868,280.178,10,0,0,0,0,598.133,567.7,0.775781,2.27374e-13
244,2003-06-02,00:00:00.00,0,0,-0.034778,0,0.479124,0,306.437,4.25183e-35,2.18325,279.068,10,0,0,0,0,598.133,567.7,0.775781,-1.13687e-12
245,2003-06-03,00:00:00.00,0,0,-0.034778,0,0.479124,0,307.957,1.7951e-51,1.77603,277.955,10,0,0,0,0,598.133,567.7,0.775781,9.09495e-13
246,2003-06-04,00:00:00.00,0,0,-0.034778,0,0.479124,0,309.338,-1.19773e-68,1.50957,276.84,10,0,0,0,0,598.133,567.7,0.775781,7.95808e-13
247,2003-06-05,00:00:00.00,0,0,-0.034778,0,0.479124,0,310.681,-1.5693e-85,1.28292,275.724,10,0,0,0,0,598.133,567.7,0.775781,-3.41061e-13
248,2003-06-06,00:00:00.00,10.7,0,-0.034778,0,0.479124,0,315.952,8.44399e-18,7.14687,275.29,10,0,0,0,0,608.833,578.4,0.775781,-2.27374e-13
249,2003-06-07,00:00:00.00,0,0,-0.034778,0,0.479124,0,318.37,9.49496e-35,5.71807,274.3,10,0,0,0,0,608.833,578.4,0.775781,5.68434e-13
250,2003-06-08,00:00:00.00,0,0,-0.034778,0,0.479124,0,322.795,1.11726e-51,2.40036,273.193,10,0,0,0,0,608.833,578.4,0.775781,1.02318e-12
251,2003-06-09,00:00:00.00,0,0,-0.034778,0,0.479124,0,324.851,-7.13116e-68,1.45687,272.08,10,0,0,0,0,608.833,578.4,0.775781,5.68434e-13
252,2003-06-10,00:00:00.00,0,0,-0.034778,0,0.479124,0,325.958,2.61116e-84,1.46427,270.966,10,0,0,0,0,608.833,578.4,0.775781,7.95808e-13
253,2003-06-11,00:00:00.00,0,0,-0.034778,0,0.479124,0,327.545,-3.28989e-101,0.994246,269.849,10,0,0,0,0,608.833,578.4,0.775781,3.41061e-13
254,2003-06-12,00:00:00.00,0,0,-0.034778,0,0.479124,0,328.462,-1.02705e-119,1.19393,268.733,10,0,0,0,0,608.833,578.4,0.775781,-1.13687e-13
255,2003-06-13,00:00:00.00,8.7,0,-0.034778,0,0.479124,0,334.873,-5.01508e-18,3.97655,268.239,10,0,0,0,0,617.533,587.1,0.775781,1.13687e-13
256,2003-06-14,00:00:00.00,0,0,-0.034778,0,0.479124,0,337.288,2.10595e-34,2.66214,267.138,10,0,0,0,0,617.533,587.1,0.775781,-5.68434e-13
257,2003-06-15,00:00:00.00,0,0,-0.034778,0,0.479124,0,339.596,1.77571e-51,1.46654,266.026,10,0,0,0,0,617.533,587.1,0.775781,-1.13687e-13
258,2003-06-16,00:00:00.00,0,0,-0.034778,0,0.479124,0,340.831,3.99294e-68,1.34483,264.912,10,0,0,0,0,617.533,587.1,0.775781,3.41061e-13
259,2003-06-17,00:00:00.00,0,0,-0.034778,0,0.479124,0,342.153,3.31454e-84,1.13846,263.797,10,0,0,0,0,617.533,587.1,0.775781,-1.25056e-12
260,2003-06-18,00:00:00.00,0.9,0,-0.034778,0,0.479124,0,344.156,-6.17238e-19,1.09919,262.733,10,0,0,0,0,618.433,588,0.775781,-5.68434e-13
261,2003-06-19,00:00:00.00,6,0,-0.034778,0,0.479124,0,347.652,-7.53143e-18,4.29736,262.039,10,0,0,0,0,624.433,594,0.775781,9.09495e-13
262,2003-06-20,00:00:00.00,0.9,0,-0.034778,0,0.479124,0,350.203,6.47097e-19,3.50536,261.18,10,0,0,0,0,625.333,594.9,0.775781,1.25056e-12
263,2003-06-21,00:00:00.00,2.9,0,-0.034778,0,0.479124,0,352.906,-1.00978e-17,4.20065,260.682,10,0,0,0,0,628.233,597.8,0.775781,1.13687e-13
264,2003-06-22,00:00:00.00,0,0,-0.034778,0,0.479124,0,355.664,-1.47422e-34,2.54414,259.581,10,0,0,0,0,628.233,597.8,0.775781,1.13687e-12
265,2003-06-23,00:00:00.00,0,0,-0.034778,0,0.479124,0,357.737,3.39838e-52,1.58084,258.47,10,0,0,0,0,628.233,597.8,0.775781,1.13687e-12
266,2003-06-24,00:00:00.00,1.2,0,-0.034778,0,0.479124,0,360.425,1.70505e-18,1.12612,257.437,10,0,0,0,0,629.433,599,0.775781,-1.13687e-12
267,2003-06-25,00:00:00.00,0,0,-0.034778,0,0.479124,0,361.6,1.81593e-35,1.06703,256.322,10,0,0,0,0,629.433,599,0.775781,1.13687e-13
268,2003-06-26,00:00:00.00,0,0,-0.034778,0,0.479124,0,362.689,3.61291e-52,1.09334,255.206,10,0,0,0,0,629.433,599,0.775781,5.68434e-13
269,2003-06-27,00:00:00.00,0,0,-0.034778,0,0.479124,0,363.834,3.78469e-68,1.06412,254.09,10,0,0,0,0,629.433,599,0.775781,-3.41061e-13
270,2003-06-28,00:00:00.00,0,0,-0.034778,0,0.479124,0,365.175,6.92697e-85,0.839766,252.974,10,0,0,0,0,629.433,599,0.775781,1.47793e-12
271,2003-06-29,00:00:00.00,0,0,-0.034778,0,0.479124,0,366.447,6.48034e-101,0.68537,251.856,10,0,0,0,0,629.433,599,0.775781,6.82121e-13
272,2003-06-30,00:00:00.00,2.2,0,-0.034778,0,0.479124,0,369.107,1.08864e-18,1.24263,250.839,10,0,0,0,0,631.633,601.2,0.775781,-3.41061e-13
273,2003-07-01,00:00:00.00,8.3,0,-0.034778,0,0.479124,0,374.756,1.43096e-18,4.31325,250.419,10,0,0,0,0,639.933,609.5,0.775781,-4.54747e-13
274,2003-07-02,00:00:00.00,11.5,0,-0.034778,0,0.479124,0,378.344,-4.9178e-19,10.1978,252.446,10,0,0,0,0,651.433,621,0.775781,0
275,2003-07-03,00:00:00.00,0,0,-0.034778,0,0.479124,0,382.074,1.07032e-34,7.4364,251.478,10,0,0,0,0,651.433,621,0.775781,-1.47793e-12
276,2003-07-04,00:00:00.00,0.2,0,-0.034778,0,0.479124,0,385.784,-1.9336e-19,4.92875,250.476,10,0,0,0,0,651.633,621.2,0.775781,0
277,2003-07-05,00:00:00.00,3.2,0,-0.034778,0,0.479124,0,388.901,-3.8568e-18,5.4073,250.08,10,0,0,0,0,654.833,624.4,0.775781,4.54747e-13
278,2003-07-06,00:00:00.00,0.9,0,-0.034778,0,0.479124,0,390.972,-5.20026e-19,5.09558,249.221,10,0,0,0,0,655.733,625.3,0.775781,-6.82121e-13
279,2003-07-07,00:00:00.00,0,0,-0.034778,0,0.479124,0,393.17,1.68435e-35,3.9815,248.136,10,0,0,0,0,655.733,625.3,0.775781,3.41061e-13
280,2003-07-08,00:00:00.00,0,0,-0.034778,0,0.479124,0,395.187,5.51562e-53,3.06041,247.041,10,0,0,0,0,655.733,625.3,0.775781,1.47793e-12
281,2003-07-09,00:00:00.00,0,0,-0.034778,0,0.479124,0,397.37,1.20135e-69,1.98415,245.934,10,0,0,0,0,655.733,625.3,0.775781,-1.13687e-13
282,2003-07-10,00:00:00.00,0.9,0,-0.034778,0,0.479124,0,399.442,-6.12356e-19,1.84949,244.897,10,0,0,0,0,656.633,626.2,0.775781,-6.82121e-13
283,2003-07-11,00:00:00.00,0,0,-0.034778,0,0.479124,0,400.711,-2.66122e-35,1.69068,243.787,10,0,0,0,0,656.633,626.2,0.775781,1.13687e-12
284,2003-07-12,00:00:00.00,0,0,-0.034778,0,0.479124,0,402.423,7.77384e-52,1.09327,242.672,10,0,0,0,0,656.633,626.2,0.775781,6.82121e-13
285,2003-07-13,00:00:00.00,0,0,-0.034778,0,0.479124,0,403.364,-3.60658e-69,1.26763,241.557,10,0,0,0,0,656.633,626.2,0.775781,0
286,2003-07-14,00:00:00.00,0,0,-0.034778,0,0.479124,0,404.404,-1.21697e-85,1.34042,240.444,10,0,0,0,0,656.633,626.2,0.775781,4.54747e-13
287,2003-07-15,00:00:00.00,0,0,-0.034778,0,0.479124,0,405.976,-1.04603e-102,0.884807,239.328,10,0,0,0,0,656.633,626.2,0.775781,1.13687e-13
288,2003-07-16,00:00:00.00,0,0,-0.034778,0,0.479124,0,407.285,-4.19457e-119,0.693151,238.21,10,0,0,0,0,656.633,626.2,0.775781,1.13687e-13
289,2003-07-17,00:00:00.00,0,0,-0.034778,0,0.479124,0,408.513,3.18147e-136,0.584208,237.091,10,0,0,0,0,656.633,626.2,0.775781,1.36424e-12
290,2003-07-18,00:00:00.00,8.7,0,-0.034778,0,0.479124,0,413.087,-4.28414e-18,5.32668,236.474,10,0,0,0,0,665.333,634.9,0.775781,-1.47793e-12
291,2003-07-19,00:00:00.00,0,0,-0.034778,0,0.479124,0,416.887,1.0647e-34,2.63033,235.371,10,0,0,0,0,665.333,634.9,0.775781,-4.54747e-13
292,2003-07-20,00:00:00.00,0,0,-0.034778,0,0.479124,0,419.355,-8.72109e-52,1.27452,234.259,10,0,0,0,0,665.333,634.9,0.775781,-1.13687e-13
293,2003-07-21,00:00:00.00,0,0,-0.034778,0,0.479124,0,420.879,-2.38153e-68,0.866156,233.143,10,0,0,0,0,665.333,634.9,0.775781,-1.47793e-12
294,2003-07-22,00:00:00.00,1.8,0,-0.034778,0,0.479124,0,423.55,-2.26969e-19,1.0252,232.113,10,0,0,0,0,667.133,636.7,0.775781,-2.27374e-13
295,2003-07-23,00:00:00.00,0,0,-0.034778,0,0.479124,0,424.828,-4.09541e-35,0.863119,230.997,10,0,0,0,0,667.133,636.7,0.775781,1.25056e-12
296,2003-07-24,00:00:00.00,3.4,0,-0.034778,0,0.479124,0,428.003,4.36887e-18,2.01855,230.067,10,0,0,0,0,670.533,640.1,0.775781,1.13687e-12
297,2003-07-25,00:00:00.00,15.2,0,-0.034778,0,0.479124,0,433.748,2.06226e-17,9.95089,231.589,10,0,0,0,0,685.733,655.3,0.775781,5.68434e-13
298,2003-07-26,00:00:00.00,0,0,-0.034778,0,0.479124,0,437.404,-3.37426e-34,7.25778,230.627,10,0,0,0,0,685.733,655.3,0.775781,1.13687e-12
299,2003-07-27,00:00:00.00,0,0,-0.034778,0,0.479124,0,441.539,-1.27476e-51,4.19688,229.552,10,0,0,0,0,685.733,655.3,0.775781,2.04636e-12
300,2003-07-28,00:00:00.00,27.1,0,-0.034778,0,0.479124,0,447.718,-4.75946e-17,18.3774,236.293,10,0,0,0,0,712.833,682.4,0.775781,1.13687e-12
301,2003-07-29,00:00:00.00,3.8,0,-0.034778,0,0.479124,0,450.521,-2.31818e-18,18.0762,237.591,10,0,0,0,0,716.633,686.2,0.775781,-1.13687e-13
302,2003-07-30,00:00:00.00,0.4,0,-0.034778,0,0.479124,0,454.329,-8.64643e-20,15.296,236.963,10,0,0,0,0,717.033,686.6,0.775781,2.38742e-12
303,2003-07-31,00:00:00.00,0,0,-0.034778,0,0.479124,0,459.065,-3.11993e-36,11.5097,236.014,10,0,0,0,0,717.033,686.6,0.775781,1.7053e-12
304,2003-08-01,00:00:00.00,0.2,0,-0.034778,0,0.479124,0,462.425,2.481e-19,9.28499,235.078,10,0,0,0,0,717.233,686.8,0.775781,-2.27374e-13
305,2003-08-02,00:00:00.00,0,0,-0.034778,0,0.479124,0,466.384,2.61624e-36,6.37621,234.028,10,0,0,0,0,717.233,686.8,0.775781,4.54747e-13
306,2003-08-03,00:00:00.00,0,0,-0.034778,0,0.479124,0,470.186,2.16163e-52,3.66936,232.933,10,0,0,0,0,717.233,686.8,0.775781,-9.09495e-13
307,2003-08-04,00:00:00.00,0,0,-0.034778,0,0.479124,0,472.777,1.79721e-69,2.18339,231.828,10,0,0,0,0,717.233,686.8,0.775781,-5.68434e-13
308,2003-08-05,00:00:00.00,0,0,-0.034778,0,0.479124,0,474.494,1.98589e-85,1.57755,230.717,10,0,0,0,0,717.233,686.8,0.775781,4.54747e-13
309,2003-08-06,00:00:00.00,0,0,-0.034778,0,0.479124,0,475.944,6.26867e-102,1.24149,229.603,10,0,0,0,0,717.233,686.8,0.775781,2.04636e-12
310,2003-08-07,00:00:00.00,0,0,-0.034778,0,0.479124,0,477.307,2.93937e-118,0.993971,228.488,10,0,0,0,0,717.233,686.8,0.775781,-1.13687e-12
311,2003-08-08,00:00:00.00,0,0,-0.034778,0,0.479124,0,478.607,1.90708e-134,0.810566,227.371,10,0,0,0,0,717.233,686.8,0.775781,-1.13687e-13
312,2003-08-09,00:00:00.00,0,0,-0.034778,0,0.479124,0,479.863,1.0556e-150,0.673079,226.253,10,0,0,0,0,717.233,686.8,0.775781,2.27374e-13
313,2003-08-10,00:00:00.00,0,0,-0.034778,0,0.479124,0,481.048,5.86537e-167,0.605713,225.134,10,0,0,0,0,717.233,686.8,0.775781,0
314,2003-08-11,00:00:00.00,0,0,-0.034778,0,0.479124,0,482.158,3.25594e-183,0.61495,224.016,10,0,0,0,0,717.233,686.8,0.775781,2.27374e-13
315,2003-08-12,00:00:00.00,0,0,-0.034778,0,0.479124,0,483.232,1.80741e-199,0.659604,222.897,10,0,0,0,0,717.233,686.8,0.775781,1.93268e-12
316,2003-08-13,00:00:00.00,0,0,-0.034778,0,0.479124,0,484.464,1.00331e-215,0.546297,221.778,10,0,0,0,0,717.233,686.8,0.775781,-7.95808e-13
317,2003-08-14,00:00:00.00,0,0,-0.034778,0,0.479124,0,485.569,5.5695e-232,0.55996,220.659,10,0,0,0,0,717.233,686.8,0.775781,6.82121e-13
318,2003-08-15,00:00:00.00,1.6,0,-0.034778,0,0.479124,0,487.629,-1.70261e-18,1.14686,219.613,10,0,0,0,0,718.833,688.4,0.775781,-1.47793e-12
319,2003-08-16,00:00:00.00,0,0,-0.034778,0,0.479124,0,488.842,3.05347e-35,1.04813,218.498,10,0,0,0,0,718.833,688.4,0.775781,1.36424e-12
320,2003-08-17,00:00:00.00,0,0,-0.034778,0,0.479124,0,490.072,-2.50406e-52,0.934371,217.382,10,0,0,0,0,718.833,688.4,0.775781,-9.09495e-13
321,2003-08-18,00:00:00.00,0,0,-0.034778,0,0.479124,0,491.387,2.11776e-68,0.736341,216.265,10,0,0,0,0,718.833,688.4,0.775781,1.13687e-13
322,2003-08-19,00:00:00.00,2.2,0,-0.034778,0,0.479124,0,494.123,1.75139e-18,1.20846,215.257,10,0,0,0,0,721.033,690.6,0.775781,-1.13687e-13
323,2003-08-20,00:00:00.00,0,0,-0.034778,0,0.479124,0,495.178,-4.8948e-35,1.26656,214.143,10,0,0,0,0,721.033,690.6,0.775781,-2.27374e-13
324,2003-08-21,00:00:00.00,0,0,-0.034778,0,0.479124,0,496.215,5.84001e-52,1.34275,213.031,10,0,0,0,0,721.033,690.6,0.775781,-1.47793e-12
325,2003-08-22,00:00:00.00,0,0,-0.034778,0,0.479124,0,497.6,2.86203e-68,1.07235,211.916,10,0,0,0,0,721.033,690.6,0.775781,-6.82121e-13
326,2003-08-23,00:00:00.00,0,0,-0.034778,0,0.479124,0,498.843,2.0965e-84,0.945475,210.8,10,0,0,0,0,721.033,690.6,0.775781,-6.82121e-13
327,2003-08-24,00:00:00.00,0.4,0,-0.034778,0,0.479124,0,500.137,-9.73655e-21,1.14267,209.709,10,0,0,0,0,721.433,691,0.775781,-7.95808e-13
328,2003-08-25,00:00:00.00,0,0,-0.034778,0,0.479124,0,501.099,-1.86233e-36,1.29378,208.595,10,0,0,0,0,721.433,691,0.775781,1.13687e-13
329,2003-08-26,00:00:00.00,0,0,-0.034778,0,0.479124,0,502.345,-2.94318e-52,1.16163,207.481,10,0,0,0,0,721.433,691,0.775781,6.82121e-13
330,2003-08-27,00:00:00.00,0,0,-0.034778,0,0.479124,0,503.612,-6.43635e-69,1.01017,206.366,10,0,0,0,0,721.433,691,0.775781,-1.13687e-12
331,2003-08-28,00:00:00.00,0,0,-0.034778,0,0.479124,0,504.418,3.27158e-85,1.31877,205.252,10,0,0,0,0,721.433,691,0.775781,-1.13687e-12
332,2003-08-29,00:00:00.00,0.9,0,-0.034778,0,0.479124,0,506.25,7.05148e-19,1.42362,204.214,10,0,0,0,0,722.333,691.9,0.775781,1.13687e-13
333,2003-08-30,00:00:00.00,6.9,0,-0.034778,0,0.479124,0,510.012,6.82277e-18,5.00493,203.772,10,0,0,0,0,729.233,698.8,0.775781,-1.02318e-12
334,2003-08-31,00:00:00.00,1.6,0,-0.034778,0,0.479124,0,512.292,1.27969e-18,4.90873,203.187,10,0,0,0,0,730.833,700.4,0.775781,-3.41061e-13
335,2003-09-01,00:00:00.00,5.6,0,-0.034778,0,0.479124,0,514.385,-1.25192e-18,7.89593,203.707,10,0,0,0,0,736.433,706,0.775781,-2.72848e-12
336,2003-09-02,00:00:00.00,4.9,0,-0.034778,0,0.479124,0,516.501,6.63566e-18,9.8822,204.506,10,0,0,0,0,741.333,710.9,0.775781,2.27374e-12
337,2003-09-03,00:00:00.00,1.1,0,-0.034778,0,0.479124,0,518.417,-7.8722e-19,9.55109,204.021,10,0,0,0,0,742.433,712,0.775781,-1.7053e-12
338,2003-09-04,00:00:00.00,0,0,-0.034778,0,0.479124,0,521.654,2.0531e-35,7.31769,203.017,10,0,0,0,0,742.433,712,0.775781,1.02318e-12
339,2003-09-05,00:00:00.00,0,0,-0.034778,0,0.479124,0,523.621,-2.00829e-51,6.39251,201.975,10,0,0,0,0,742.433,712,0.775781,-6.82121e-13
340,2003-09-06,00:00:00.00,0,0,-0.034778,0,0.479124,0,526.327,1.48054e-68,4.75759,200.903,10,0,0,0,0,742.433,712,0.775781,-2.27374e-13
341,2003-09-07,00:00:00.00,0,0,-0.034778,0,0.479124,0,528.74,7.35523e-86,3.43677,199.812,10,0,0,0,0,742.433,712,0.775781,3.63798e-12
342,2003-09-08,00:00:00.00,0,0,-0.034778,0,0.479124,0,530.554,-6.05277e-102,2.72187,198.713,10,0,0,0,0,742.433,712,0.775781,4.54747e-13
343,2003-09-09,00:00:00.00,0,0,-0.034778,0,0.479124,0,532.113,0,2.26702,197.609,10,0,0,0,0,742.433,712,0.775781,2.27374e-13
344,2003-09-10,00:00:00.00,5,0,-0.034778,0,0.479124,0,534.266,-3.7024e-18,5.65537,197.067,10,0,0,0,0,747.433,717,0.775781,0
345,2003-09-11,00:00:00.00,3.7,0,-0.034778,0,0.479124,0,536.166,-4.42473e-19,7.36678,197.156,10,0,0,0,0,751.133,720.7,0.775781,-2.72848e-12
346,2003-09-12,00:00:00.00,3.7,0,-0.034778,0,0.479124,0,537.674,-5.95046e-18,9.25665,197.458,10,0,0,0,0,754.833,724.4,0.775781,-6.82121e-13
347,2003-09-13,00:00:00.00,4.2,0,-0.034778,0,0.479124,0,539.54,5.86179e-18,10.9043,198.144,10,0,0,0,0,759.033,728.6,0.775781,0
348,2003-09-14,00:00:00.00,3.2,0,-0.034778,0,0.479124,0,541.141,-1.74993e-19,12.0618,198.585,10,0,0,0,0,762.233,731.8,0.775781,1.13687e-12
349,2003-09-15,00:00:00.00,0,0,-0.034778,0,0.479124,0,543.146,-3.83714e-35,10.9459,197.697,10,0,0,0,0,762.233,731.8,0.775781,1.36424e-12
350,2003-09-16,00:00:00.00,0,0,-0.034778,0,0.479124,0,546.084,4.3624e-52,8.98026,196.724,10,0,0,0,0,762.233,731.8,0.775781,2.50111e-12
351,2003-09-17,00:00:00.00,0,0,-0.034778,0,0.479124,0,548.795,-1.62626e-68,7.30055,195.693,10,0,0,0,0,762.233,731.8,0.775781,0
352,2003-09-18,00:00:00.00,0,0,-0.034778,0,0.479124,0,551.4,-4.40779e-85,5.75404,194.634,10,0,0,0,0,762.233,731.8,0.775781,2.27374e-12
353,2003-09-19,00:00:00.00,0,0,-0.034778,0,0.479124,0,554.118,-1.39344e-102,4.12175,193.549,10,0,0,0,0,762.233,731.8,0.775781,1.02318e-12
354,2003-09-20,00:00:00.00,0,0,-0.034778,0,0.479124,0,556.019,0,3.31399,192.456,10,0,0,0,0,762.233,731.8,0.775781,9.09495e-13
355,2003-09-21,00:00:00.00,0,0,-0.034778,0,0.479124,0,557.775,0,2.6579,191.355,10,0,0,0,0,762.233,731.8,0.775781,1.36424e-12
356,2003-09-22,00:00:00.00,0,0,-0.034778,0,0.479124,0,559.266,0,2.27171,190.25,10,0,0,0,0,762.233,731.8,0.775781,6.82121e-13
357,2003-09-23,00:00:00.00,0,0,-0.034778,0,0.479124,0,560.69,0,1.95571,189.143,10,0,0,0,0,762.233,731.8,0.775781,-2.27374e-13
358,2003-09-24,00:00:00.00,1.3,0,-0.034778,0,0.479124,0,562.139,6.38907e-19,2.79742,188.152,10,0,0,0,0,763.533,733.1,0.775781,-6.82121e-13
359,2003-09-25,00:00:00.00,0,0,-0.034778,0,0.479124,0,563.191,-1.73457e-35,2.84148,187.056,10,0,0,0,0,763.533,733.1,0.775781,-6.82121e-13
360,2003-09-26,00:00:00.00,0,0,-0.034778,0,0.479124,0,564.46,-1.19671e-51,2.67131,185.957,10,0,0,0,0,763.533,733.1,0.775781,-6.82121e-13
361,2003-09-27,00:00:00.00,0,0,-0.034778,0,0.479124,0,565.861,4.21748e-69,2.37187,184.855,10,0,0,0,0,763.533,733.1,0.775781,-2.16005e-12
362,2003-09-28,00:00:00.00,0,0,-0.034778,0,0.479124,0,566.868,4.77794e-85,2.46751,183.753,10,0,0,0,0,763.533,733.1,0.775781,-1.7053e-12
363,2003-09-29,00:00:00.00,3,0,-0.034778,0,0.479124,0,568.709,-3.79769e-18,4.35668,183.023,10,0,0,0,0,766.533,736.1,0.775781,-5.68434e-13
364,2003-09-30,00:00:00.00,1.3,0,-0.034778,0,0.479124,0,570.059,4.58596e-19,5.0504,182.279,10,0,0,0,0,767.833,737.4,0.775781,1.59162e-12
365,2003-10-01,00:00:00.00,0,0,-0.034778,0,0.479124,0,571.286,5.13504e-37,4.87464,181.228,10,0,0,0,0,767.833,737.4,0.775781,3.41061e-13
366,2003-10-02,00:00:00.00,0,0,-0.034778,0,0.479124,0,573.057,1.05935e-51,4.18252,180.149,10,0,0,0,0,767.833,737.4,0.775781,1.36424e-12
367,2003-10-03,00:00:00.00,1.1,0,-0.034778,0,0.479124,0,574.24,-5.15864e-20,4.94448,179.303,10,0,0,0,0,768.933,738.5,0.775781,-1.59162e-12
368,2003-10-04,00:00:00.00,0.6,0,-0.034778,0,0.479124,0,576.032,-1.15391e-19,4.68738,178.369,10,0,0,0,0,769.533,739.1,0.775781,2.04636e-12
369,2003-10-05,00:00:00.00,1,0,-0.034778,0,0.479124,0,577.446,1.10846e-18,5.12527,177.517,10,0,0,0,0,770.533,740.1,0.775781,3.41061e-13
370,2003-10-06,00:00:00.00,4.5,0,-0.034778,0,0.479124,0,578.372,-7.40427e-18,8.61272,177.604,10,0,0,0,0,775.033,744.6,0.775781,-1.13687e-13
371,2003-10-07,00:00:00.00,3.4,0,-0.034778,0,0.479124,0,579.393,-2.29704e-20,10.6777,177.918,10,0,0,0,0,778.433,748,0.775781,-1.25056e-12
372,2003-10-08,00:00:00.00,7,0,-0.034778,0,0.479124,0,580.33,3.12918e-18,14.724,179.934,10,0,0,0,0,785.433,755,0.775781,6.82121e-13
373,2003-10-09,00:00:00.00,16.1,0,-0.034778,0,0.479124,0,582.183,-5.71669e-18,21.8975,187.008,10,0,0,0,0,801.533,771.1,0.775781,-1.7053e-12
374,2003-10-10,00:00:00.00,1.2,0,-0.034778,0,0.479124,0,583.335,5.14862e-19,21.84,187.113,10,0,0,0,0,802.733,772.3,0.775781,-6.82121e-13
375,2003-10-11,00:00:00.00,0.8,0,-0.034778,0,0.479124,0,584.358,1.44631e-19,21.77,186.96,10,0,0,0,0,803.533,773.1,0.775781,1.36424e-12
376,2003-10-12,00:00:00.00,0.4,0,-0.034778,0,0.479124,0,585.366,-3.11886e-21,21.567,186.556,10,0,0,0,0,803.933,773.5,0.775781,3.41061e-13
377,2003-10-13,00:00:00.00,0,0,-0.034778,0,0.479124,0,586.564,1.50399e-37,21.0289,185.895,10,0,0,0,0,803.933,773.5,0.775781,1.7053e-12
378,2003-10-14,00:00:00.00,0,0,-0.034778,0,0.479124,0,587.843,5.09573e-54,20.4413,185.204,10,0,0,0,0,803.933,773.5,0.775781,-1.36424e-12
379,2003-10-15,00:00:00.00,0.8,0,-0.034778,0,0.479124,0,588.931,-5.34264e-20,20.4342,184.923,10,0,0,0,0,804.733,774.3,0.775781,3.41061e-13
380,2003-10-16,00:00:00.00,0,0,-0.034778,0,0.479124,0,589.742,-1.66073e-36,20.3315,184.215,10,0,0,0,0,804.733,774.3,0.775781,-6.82121e-13
381,2003-10-17,00:00:00.00,0,0,-0.034778,0,0.479124,0,590.682,-1.9262e-54,20.1125,183.494,10,0,0,0,0,804.733,774.3,0.775781,-4.54747e-13
382,2003-10-18,00:00:00.00,0,0,-0.034778,0,0.479124,0,591.721,5.59398e-70,19.8103,182.757,10,0,0,0,0,804.733,774.3,0.775781,2.27374e-13
383,2003-10-19,00:00:00.00,0,0,-0.034778,0,0.479124,0,592.971,3.10528e-86,19.3203,181.997,10,0,0,0,0,804.733,774.3,0.775781,-2.16005e-12
384,2003-10-20,00:00:00.00,0,0,-0.034778,0,0.479124,0,593.911,-1.72378e-102,19.1478,181.229,10,0,0,0,0,804.733,774.3,0.775781,4.54747e-13
385,2003-10-21,00:00:00.00,0,0,-0.034778,0,0.479124,0,594.806,0,19.0269,180.455,10,0,0,0,0,804.733,774.3,0.775781,1.36424e-12
386,2003-10-22,00:00:00.00,4.8,4.8,-0.034778,0,0.479124,0,595.817,1.77033e-18,23.6044,184.467,10,0,0,0,0,814.333,783.9,0.775781,-2.16005e-12
387,2003-10-23,00:00:00.00,1.5,1.5,-0.034778,0,0.479124,0,596.195,1.84494e-19,25.0621,185.631,10,0,0,0,0,817.333,786.9,0.775781,-2.27374e-13
388,2003-10-24,00:00:00.00,0,0,-0.034778,0,0.479124,0,596.814,-9.04419e-36,25.0222,185.052,10,0,0,0,0,817.333,786.9,0.775781,-9.09495e-13
389,2003-10-25,00:00:00.00,0,0.3,-0.034778,0,0.479124,0,597.253,2.15865e-52,25.1926,184.472,10,0,0.271337,0,0,817.633,787.2,0.775781,1.13687e-13
390,2003-10-26,00:00:00.00,1,0,-0.034778,0,0.479124,0,598.111,-4.16143e-19,25.4231,184.654,10,0,0,0,0,818.633,788.2,0.775781,-1.02318e-12
391,2003-10-27,00:00:00.00,1.8,0,-0.034778,0,0.479124,0,598.613,-4.59949e-20,26.2336,185.142,10,0,0,0,0,820.433,790,0.775781,-2.27374e-12
392,2003-10-28,00:00:00.00,0,0,-0.034778,0,0.479124,0,599.215,-5.9196e-36,26.2065,184.567,10,0,0,0,0,820.433,790,0.775781,-2.38742e-12
393,2003-10-29,00:00:00.00,0,0,-0.034778,0,0.479124,0,600.037,-1.91772e-54,25.9753,183.976,10,0,0,0,0,820.433,790,0.775781,9.09495e-13
394,2003-10-30,00:00:00.00,7.7,0,-0.034778,0,0.479124,0,601.007,-1.14383e-18,28.7191,187.962,10,0,0,0,0,828.133,797.7,0.775781,2.27374e-13
395,2003-10-31,00:00:00.00,1,0,-0.034778,0,0.479124,0,601.659,8.89759e-20,28.9584,188.071,10,0,0,0,0,829.133,798.7,0.775781,1.81899e-12
396,2003-11-01,00:00:00.00,0,0,-0.034778,0,0.479124,0,602.576,4.85934e-37,28.5805,187.532,10,0,0,0,0,829.133,798.7,0.775781,1.13687e-13
397,2003-11-02,00:00:00.00,0,0,-0.034778,0,0.479124,0,603.229,2.03782e-53,28.4775,186.982,10,0,0,0,0,829.133,798.7,0.775781,1.13687e-13
398,2003-11-03,00:00:00.00,0,0,-0.034778,0,0.479124,0,604.073,-1.51285e-69,28.1994,186.416,10,0,0,0,0,829.133,798.7,0.775781,9.09495e-13
399,2003-11-04,00:00:00.00,3.3,0,-0.034778,0,0.479124,0,604.933,2.81462e-20,29.1985,187.857,10,0,0,0,0,832.433,802,0.775781,-1.36424e-12
400,2003-11-05,00:00:00.00,0,0,-0.034778,0,0.479124,0,605.611,1.03409e-36,29.0724,187.305,10,0,0,0,0,832.433,802,0.775781,-4.54747e-13
401,2003-11-06,00:00:00.00,0,0,-0.034778,0,0.479124,0,606.463,-5.74038e-53,28.7873,186.738,10,0,0,0,0,832.433,802,0.775781,4.54747e-13
402,2003-11-07,00:00:00.00,0,0,-0.034778,0,0.479124,0,607.214,0,28.615,186.159,10,0,0,0,0,832.433,802,0.775781,-1.13687e-13
403,2003-11-08,00:00:00.00,0,0,-0.034778,0,0.479124,0,607.74,0,28.6693,185.579,10,0,0,0,0,832.433,802,0.775781,1.59162e-12
404,2003-11-09,00:00:00.00,0,0,-0.034778,0,0.479124,0,608.317,0,28.6752,184.996,10,0,0,0,0,832.433,802,0.775781,-1.47793e-12
405,2003-11-10,00:00:00.00,0,0,-0.034778,0,0.479124,0,609.192,0,28.3975,184.399,10,0,0,0,0,832.433,802,0.775781,0
406,2003-11-11,00:00:00.00,0,0,-0.034778,0,0.479124,0,609.619,0,28.5639,183.806,10,0,0,0,0,832.433,802,0.775781,-9.09495e-13
407,2003-11-12,00:00:00.00,0,0,-0.034778,0,0.479124,0,610.269,0,28.5116,183.208,10,0,0,0,0,832.433,802,0.775781,6.82121e-13
408,2003-11-13,00:00:00.00,0,0,-0.034778,0,0.479124,0,610.747,0,28.6292,182.613,10,0,0,0,0,832.433,802,0.775781,6.82121e-13
409,2003-11-14,00:00:00.00,0,0,-0.034778,0,0.479124,0,611.275,0,28.6959,182.017,10,0,0,0,0,832.433,802,0.775781,1.81899e-12
410,2003-11-15,00:00:00.00,0,0,-0.034778,0,0.479124,0,611.838,0,28.7293,181.421,10,0,0,0,0,832.433,802,0.775781,-3.06954e-12
411,2003-11-16,00:00:00.00,0,0,-0.034778,0,0.479124,0,612.452,0,28.714,180.822,10,0,0,0,0,832.433,802,0.775781,9.09495e-13
412,2003-11-17,00:00:00.00,4.4,0,-0.034778,0,0.479124,0,613.109,-1.55995e-18,30.4227,182.856,10,0,0,0,0,836.833,806.4,0.775781,0
413,2003-11-18,00:00:00.00,1.8,0,-0.034778,0,0.479124,0,613.496,7.44428e-21,31.2433,183.449,10,0,0,0,0,838.633,808.2,0.775781,-6.82121e-13
414,2003-11-19,00:00:00.00,1,0,-0.034778,0,0.479124,0,614.082,-9.89176e-20,31.5416,183.565,10,0,0,0,0,839.633,809.2,0.775781,-1.7053e-12
415,2003-11-20,00:00:00.00,0,0,-0.034778,0,0.479124,0,614.55,1.43907e-36,31.588,183.05,10,0,0,0,0,839.633,809.2,0.775781,-1.25056e-12
416,2003-11-21,00:00:00.00,0,0,-0.034778,0,0.479124,0,615.122,2.52095e-53,31.5375,182.529,10,0,0,0,0,839.633,809.2,0.775781,-2.50111e-12
417,2003-11-22,00:00:00.00,0,0,-0.034778,0,0.479124,0,615.725,0,31.4635,182,10,0,0,0,0,839.633,809.2,0.775781,1.7053e-12
418,2003-11-23,00:00:00.00,0,0,-0.034778,0,0.479124,0,616.469,0,31.2607,181.459,10,0,0,0,0,839.633,809.2,0.775781,9.09495e-13
419,2003-11-24,00:00:00.00,0,0,-0.034778,0,0.479124,0,617.191,0,31.0905,180.907,10,0,0,0,0,839.633,809.2,0.775781,1.36424e-12
420,2003-11-25,00:00:00.00,0,0,-0.034778,0,0.479124,0,617.94,0,30.9023,180.346,10,0,0,0,0,839.633,809.2,0.775781,-2.27374e-13
421,2003-11-26,00:00:00.00,1.7,0,-0.034778,0,0.479124,0,618.651,-3.68704e-20,31.409,180.829,10,0,0,0,0,841.333,810.9,0.775781,-9.09495e-13
422,2003-11-27,00:00:00.00,4.8,0,-0.034778,0,0.479124,0,619.236,-1.67481e-19,33.1664,183.286,10,0,0,0,0,846.133,815.7,0.775781,-5.68434e-13
423,2003-11-28,00:00:00.00,0.2,0,-0.034778,0,0.479124,0,619.763,-1.5963e-23,33.2049,182.921,10,0,0,0,0,846.333,815.9,0.775781,4.54747e-13
424,2003-11-29,00:00:00.00,6.2,0,-0.034778,0,0.479124,0,620.474,5.40751e-21,35.1528,186.461,10,0,0,0,0,852.533,822.1,0.775781,-5.68434e-13
425,2003-11-30,00:00:00.00,4.2,0,-0.034778,0,0.479124,0,620.958,-1.62106e-19,36.4649,188.865,10,0,0,0,0,856.733,826.3,0.775781,6.82121e-13
426,2003-12-01,00:00:00.00,0,0,-0.034778,0,0.479124,0,621.367,-9.36732e-37,36.4705,188.45,10,0,0,0,0,856.733,826.3,0.775781,1.59162e-12
427,2003-12-02,00:00:00.00,0,0,-0.034778,0,0.479124,0,621.809,1.03962e-52,36.4507,188.028,10,0,0,0,0,856.733,826.3,0.775781,-7.95808e-13
428,2003-12-03,00:00:00.00,0,0,-0.034778,0,0.479124,0,622.306,0,36.3829,187.599,10,0,0,0,0,856.733,826.3,0.775781,-5.68434e-13
429,2003-12-04,00:00:00.00,0.4,0,-0.034778,0,0.479124,0,622.805,-5.22985e-21,36.4477,187.436,10,0,0,0,0,857.133,826.7,0.775781,-4.54747e-13
430,2003-12-05,00:00:00.00,0.4,0,-0.034778,0,0.479124,0,623.193,-2.95211e-21,36.6224,187.273,10,0,0,0,0,857.533,827.1,0.775781,-4.54747e-13
431,2003-12-06,00:00:00.00,1,0,-0.034778,0,0.479124,0,623.35,8.31181e-20,37.2084,187.53,10,0,0,0,0,858.533,828.1,0.775781,5.68434e-13
432,2003-12-07,00:00:00.00,2.5,2.5,-0.034778,0,0.479124,0,623.886,1.4055e-19,38.6073,190.595,10,0,0,0,0,863.533,833.1,0.775781,-1.13687e-13
433,2003-12-08,00:00:00.00,0,0,-0.034778,0,0.479124,0,624.172,-1.34523e-36,38.7061,190.21,10,0,0,0,0,863.533,833.1,0.775781,7.95808e-13
434,2003-12-09,00:00:00.00,0,0,-0.034778,0,0.479124,0,624.471,0,38.7928,189.825,10,0,0,0,0,863.533,833.1,0.775781,1.47793e-12
435,2003-12-10,00:00:00.00,0,0,-0.034778,0,0.479124,0,624.895,0,38.7616,189.432,10,0,0,0,0,863.533,833.1,0.775781,3.41061e-13
436,2003-12-11,00:00:00.00,0,0,-0.034778,0,0.479124,0,625.326,0,38.7289,189.033,10,0,0,0,0,863.533,833.1,0.775781,-9.09495e-13
437,2003-12-12,00:00:00.00,3.2,0,-0.034778,0,0.479124,0,625.764,-4.78473e-21,39.6541,190.87,10,0,0,0,0,866.733,836.3,0.775781,-3.75167e-12
438,2003-12-13,00:00:00.00,2,0,-0.034778,0,0.479124,0,626.118,6.89399e-20,40.2567,191.914,10,0,0,0,0,868.733,838.3,0.775781,1.7053e-12
439,2003-12-14,00:00:00.00,13.8,0,-0.034778,0,0.479124,0,627.705,-1.36443e-19,42.9731,201.41,10,0,0,0,0,882.533,852.1,0.775781,-1.25056e-12
440,2003-12-15,00:00:00.00,6.1,6.1,-0.034778,0,0.479124,0,628.989,7.45144e-20,45.044,210.255,10,0,0,0,0,894.733,864.3,0.775781,-1.59162e-12
441,2003-12-16,00:00:00.00,0,9.1,-0.034778,0,0.479124,0,629.859,4.13638e-36,45.3109,209.988,10,0,8.23054,0,0,903.833,873.4,0.775781,-9.09495e-13
442,2003-12-17,00:00:00.00,0,2,-0.034778,0,0.479124,0,630.094,2.29615e-52,45.5312,209.724,10,0,10.0395,0,0,905.833,875.4,0.775781,-1.59162e-12
443,2003-12-18,00:00:00.00,0,0,-0.034778,0,0.479124,0,630.497,3.80705e-20,46.8181,218.073,10,0,0,0,0,905.833,875.4,0.775781,-1.13687e-13
444,2003-12-19,00:00:00.00,0,0,-0.034778,0,0.479124,0,630.885,2.11334e-36,46.6978,217.805,10,0,0,0,0,905.833,875.4,0.775781,5.68434e-13
445,2003-12-20,00:00:00.00,0.2,0,-0.034778,0,0.479124,0,631.447,0,46.4666,217.675,10,0,0,0,0,906.033,875.6,0.775781,-1.47793e-12
446,2003-12-21,00:00:00.00,0.4,0,-0.034778,0,0.479124,0,631.764,0,46.5334,217.691,10,0,0,0,0,906.433,876,0.775781,5.68434e-13
447,2003-12-22,00:00:00.00,1.9,1.9,-0.034778,0,0.479124,0,632.197,0,47.2784,220.313,10,0,0,0,0,910.233,879.8,0.775781,1.36424e-12
448,2003-12-23,00:00:00.00,0,5.9,-0.034778,0,0.479124,0,632.764,0,47.5365,220.052,10,0,5.33628,0,0,916.133,885.7,0.775781,-7.95808e-13
449,2003-12-24,00:00:00.00,0,0,-0.034778,0,0.479124,0,632.942,0,47.6213,219.789,10,0,5.33628,0,0,916.133,885.7,0.775781,3.41061e-13
450,2003-12-25,00:00:00.00,0,0,-0.034778,0,0.479124,0,633.224,0,47.6062,219.521,10,0,5.33628,0,0,916.133,885.7,0.775781,1.02318e-12
451,2003-12-26,00:00:00.00,0,0,-0.034778,0,0.479124,0,633.658,0,48.1896,223.84,10,0,0,0,0,916.133,885.7,0.775781,-1.13687e-13
452,2003-12-27,00:00:00.00,0,0,-0.034778,0,0.479124,0,633.971,0,48.145,223.572,10,0,0,0,0,916.133,885.7,0.775781,-1.13687e-12
453,2003-12-28,00:00:00.00,0,0,-0.034778,0,0.479124,0,634.34,0,48.0517,223.297,10,0,0,0,0,916.133,885.7,0.775781,7.95808e-13
454,2003-12-29,00:00:00.00,0,0,-0.034778,0,0.479124,0,634.734,0,47.9405,223.014,10,0,0,0,0,916.133,885.7,0.775781,9.09495e-13
455,2003-12-30,00:00:00.00,0,0,-0.034778,0,0.479124,0,635.114,0,47.8506,222.724,10,0,0,0,0,916.133,885.7,0.775781,-1.93268e-12
456,2003-12-31,00:00:00.00,0,0,-0.034778,0,0.479124,0,635.394,0,47.8629,222.432,10,0,0,0,0,916.133,885.7,0.775781,1.47793e-12
457,2004-01-01,00:00:00.00,0,1,-0.034778,0,0.479124,0,635.528,0,48.1082,222.147,10,0,0.904455,0,0,917.133,886.7,0.775781,-1.81899e-12
458,2004-01-02,00:00:00.00,0,0.2,-0.034778,0,0.479124,0,635.757,0,48.1826,221.863,10,0,1.08535,0,0,917.333,886.9,0.775781,-1.13687e-12
459,2004-01-03,00:00:00.00,0,2.8,-0.034778,0,0.479124,0,636.026,0,48.4572,221.587,10,0,3.61782,0,0,920.133,889.7,0.775781,3.41061e-13
460,2004-01-04,00:00:00.00,0,0.5,-0.034778,0,0.479124,0,636.219,0,48.5861,221.313,10,0,4.07005,0,0,920.633,890.2,0.775781,0
461,2004-01-05,00:00:00.00,0,5.5,-0.034778,0,0.479124,0,636.746,0,48.851,221.047,10,0,9.04455,0,0,926.133,895.7,0.775781,-5.68434e-13
462,2004-01-06,00:00:00.00,0,0,-0.034778,0,0.479124,0,636.901,0,48.9612,220.781,10,0,9.04455,0,0,926.133,895.7,0.775781,1.13687e-13
463,2004-01-07,00:00:00.00,0,19.6,-0.034778,0,0.479124,0,638.774,0,49.2197,220.523,10,0,26.7719,0,0,945.733,915.3,0.775781,-4.54747e-13
464,2004-01-08,00:00:00.00,0,0,-0.034778,0,0.479124,0,639.197,0,50.7103,231.03,10,0.683393,13.6679,0,0,945.733,915.3,0.775781,-4.54747e-13
465,2004-01-09,00:00:00.00,0.2,0,-0.034778,0,0.479124,0,639.506,0,51.8649,239.821,10,0.204593,4.09187,0,0,945.933,915.5,0.775781,-1.13687e-13
466,2004-01-10,00:00:00.00,2.7,2.7,-0.034778,0,0.479124,0,640.081,0,53.062,247.746,10,0,0,0,0,951.333,920.9,0.775781,-2.27374e-13
467,2004-01-11,00:00:00.00,5,5,-0.034778,0,0.479124,0,641.132,0,54.1233,255.633,10,0,0,0,0,961.333,930.9,0.775781,1.13687e-13
468,2004-01-12,00:00:00.00,7.2,0,-0.034778,0,0.479124,0,641.97,0,54.8539,261.264,10,0,0,0,0,968.533,938.1,0.775781,2.16005e-12
469,2004-01-13,00:00:00.00,1.5,1.5,-0.034778,0,0.479124,0,642.387,0,55.1452,263.557,10,0,0,0,0,971.533,941.1,0.775781,1.13687e-13
470,2004-01-14,00:00:00.00,2.7,2.7,-0.034778,0,0.479124,0,642.974,0,55.6894,267.825,10,0,0,0,0,976.933,946.5,0.775781,1.36424e-12
471,2004-01-15,00:00:00.00,2,2,-0.034778,0,0.479124,0,643.484,0,56.0418,270.963,10,0,0,0,0,980.933,950.5,0.775781,-1.36424e-12
472,2004-01-16,00:00:00.00,2.9,2.9,-0.034778,0,0.479124,0,644.095,0,56.5961,275.597,10,0,0,0,0,986.733,956.3,0.775781,1.36424e-12
473,2004-01-17,00:00:00.00,0,0.2,-0.034778,0,0.479124,0,644.453,0,56.4276,275.608,10,0,0,0,0,986.933,956.5,0.775781,9.09495e-13
474,2004-01-18,00:00:00.00,0,0.2,-0.034778,0,0.479124,0,644.747,0,56.3311,275.61,10,0,0,0,0,987.133,956.7,0.775781,0
475,2004-01-19,00:00:00.00,0,5.8,-0.034778,0,0.479124,0,645.308,0,56.4854,275.449,10,0,5.24584,0,0,992.933,962.5,0.775781,-1.47793e-12
476,2004-01-20,00:00:00.00,0,18.1,-0.034778,0,0.479124,0,647.037,0,56.643,275.291,10,0,21.6165,0,0,1011.03,980.6,0.775781,1.02318e-12
477,2004-01-21,00:00:00.00,0,4.7,-0.034778,0,0.479124,0,647.489,0,56.7953,275.137,10,0,25.8674,0,0,1015.73,985.3,0.775781,-1.13687e-12
478,2004-01-22,00:00:00.00,0,5.4,-0.034778,0,0.479124,0,648.005,0,56.947,274.985,10,0,30.7515,0,0,1021.13,990.7,0.775781,5.68434e-13
479,2004-01-23,00:00:00.00,0,2.1,-0.034778,0,0.479124,0,648.224,0,57.0779,274.836,10,0,32.6508,0,0,1023.23,992.8,0.775781,-1.13687e-12
480,2004-01-24,00:00:00.00,0,0,-0.034778,0,0.479124,0,648.498,0,56.9611,274.678,10,0,32.6508,0,0,1023.23,992.8,0.775781,-3.18323e-12
481,2004-01-25,00:00:00.00,0,1.7,-0.034778,0,0.479124,0,648.768,0,57.012,274.52,10,0,34.1884,0,0,1024.93,994.5,0.775781,-3.29692e-12
482,2004-01-26,00:00:00.00,0,3.4,-0.034778,0,0.479124,0,649.27,0,56.9966,274.359,10,0,37.2635,0,0,1028.33,997.9,0.775781,2.27374e-13
483,2004-01-27,00:00:00.00,0,0,-0.034778,0,0.479124,0,649.784,0,56.66,274.181,10,0,37.2635,0,0,1028.33,997.9,0.775781,-1.36424e-12
484,2004-01-28,00:00:00.00,0,1.1,-0.034778,0,0.479124,0,649.973,0,56.7513,274.005,10,0,38.2584,0,0,1029.43,999,0.775781,-1.25056e-12
485,2004-01-29,00:00:00.00,0,0,-0.034778,0,0.479124,0,650.297,0,56.6113,273.822,10,0,38.2584,0,0,1029.43,999,0.775781,-2.84217e-12
486,2004-01-30,00:00:00.00,0,6.3,-0.034778,0,0.479124,0,650.904,0,56.7849,273.643,10,0,43.9565,0,0,1035.73,1005.3,0.775781,-2.6148e-12
487,2004-01-31,00:00:00.00,0,3.6,-0.034778,0,0.479124,0,651.292,0,56.9145,273.469,10,0,47.2126,0,0,1039.33,1008.9,0.775781,6.82121e-13
488,2004-02-01,00:00:00.00,1.8,0,-0.034778,0,0.479124,0,652.022,0,58.7092,296.844,10,1.10063,22.0126,0,0,1041.13,1010.7,0.775781,-2.04636e-12
489,2004-02-02,00:00:00.00,2.6,0,-0.034778,0,0.479124,0,652.461,0,60.4806,320.347,10,0,0,0,0,1043.73,1013.3,0.775781,2.16005e-12
490,2004-02-03,00:00:00.00,15.4,0,-0.034778,0,0.479124,0,654.228,0,61.3648,333.095,10,0,0,0,0,1059.13,1028.7,0.775781,-9.09495e-13
491,2004-02-04,00:00:00.00,1.7,0,-0.034778,0,0.479124,0,654.846,0,61.1346,334.408,10,0,0,0,0,1060.83,1030.4,0.775781,-2.50111e-12
492,2004-02-05,00:00:00.00,0,0,-0.034778,0,0.479124,0,655.512,0,60.6076,334.269,10,0,0,0,0,1060.83,1030.4,0.775781,-1.13687e-12
493,2004-02-06,00:00:00.00,0.2,0,-0.034778,0,0.479124,0,656.177,0,60.1359,334.275,10,0,0,0,0,1061.03,1030.6,0.775781,0
494,2004-02-07,00:00:00.00,0,0,-0.034778,0,0.479124,0,656.891,0,59.6034,334.094,10,0,0,0,0,1061.03,1030.6,0.775781,6.82121e-13
495,2004-02-08,00:00:00.00,4.5,0,-0.034778,0,0.479124,0,657.847,0,59.6967,337.544,10,0,0,0,0,1065.53,1035.1,0.775781,2.27374e-13
496,2004-02-09,00:00:00.00,7,7,-0.034778,0,0.479124,0,659.321,0,60.916,348.852,10,0,0,0,0,1079.53,1049.1,0.775781,-9.09495e-13
497,2004-02-10,00:00:00.00,0,15.2,-0.034778,0,0.479124,0,660.773,0,61.0403,348.727,10,0,13.7477,0,0,1094.73,1064.3,0.775781,-1.13687e-12
498,2004-02-11,00:00:00.00,0,10.6,-0.034778,0,0.479124,0,661.786,0,61.1614,348.606,10,0.504,22.8309,0,0,1105.33,1074.9,0.775781,2.27374e-13
499,2004-02-12,00:00:00.00,0,4.2,-0.034778,0,0.479124,0,662.224,0,61.2456,348.486,10,0,27.1337,0,0,1109.53,1079.1,0.775781,2.27374e-12
500,2004-02-13,00:00:00.00,0,0.4,-0.034778,0,0.479124,0,662.708,0,60.9343,348.35,10,0,27.4954,0,0,1109.93,1079.5,0.775781,-6.82121e-13
501,2004-02-14,00:00:00.00,3.8,0,-0.034778,0,0.479124,0,663.42,0,61.8062,362.422,10,0.744772,14.8954,0,0,1113.73,1083.3,0.775781,2.95586e-12
502,2004-02-15,00:00:00.00,0,0,-0.034778,0,0.479124,0,663.822,0,62.4239,376.984,10,0.00281745,0.0563491,0,0,1113.73,1083.3,0.775781,1.36424e-12
503,2004-02-16,00:00:00.00,0,0,-0.034778,0,0.479124,0,664.269,0,62.1075,376.912,10,0,0,0,0,1113.73,1083.3,0.775781,1.13687e-12
504,2004-02-17,00:00:00.00,0,0,-0.034778,0,0.479124,0,664.773,0,61.7459,376.769,10,0,0,0,0,1113.73,1083.3,0.775781,-1.36424e-12
505,2004-02-18,00:00:00.00,0.264508,1.93549,-0.034778,0,0.479124,0,665.457,0,61.4486,376.832,10,0,1.75057,0,0,1115.93,1085.5,0.775781,-1.81899e-12
506,2004-02-19,00:00:00.00,0.3,0.9,-0.034778,0,0.479124,0,665.84,0,61.3589,376.838,10,0.0875283,2.56457,0,0,1117.13,1086.7,0.775781,-1.36424e-12
507,2004-02-20,00:00:00.00,0,1.7,-0.034778,0,0.479124,0,666.121,0,61.397,376.681,10,0,4.18968,0,0,1118.83,1088.4,0.775781,-2.04636e-12
508,2004-02-21,00:00:00.00,0,0,-0.034778,0,0.479124,0,666.811,0,60.8852,376.503,10,0,4.18968,0,0,1118.83,1088.4,0.775781,-1.13687e-12
509,2004-02-22,00:00:00.00,0,0,-0.034778,0,0.479124,0,667.535,0,60.7152,380.138,10,0,0,0,0,1118.83,1088.4,0.775781,1.36424e-12
510,2004-02-23,00:00:00.00,0,0,-0.034778,0,0.479124,0,668.106,0,60.3411,379.941,10,0,0,0,0,1118.83,1088.4,0.775781,1.36424e-12
511,2004-02-24,00:00:00.00,0,1.8,-0.034778,0,0.479124,0,668.438,0,60.3752,379.747,10,0,1.62802,0,0,1120.63,1090.2,0.775781,-2.72848e-12
512,2004-02-25,00:00:00.00,0,0,-0.034778,0,0.479124,0,668.966,0,60.0544,379.54,10,0,1.62802,0,0,1120.63,1090.2,0.775781,0
513,2004-02-26,00:00:00.00,0,0,-0.034778,0,0.479124,0,669.497,0,59.7408,379.322,10,0,1.62802,0,0,1120.63,1090.2,0.775781,1.13687e-12
514,2004-02-27,00:00:00.00,0,0,-0.034778,0,0.479124,0,670.22,0,59.2538,379.087,10,0,1.62802,0,0,1120.63,1090.2,0.775781,0
515,2004-02-28,00:00:00.00,0,0,-0.034778,0,0.479124,0,670.847,0,58.8757,378.838,10,0,1.62802,0,0,1120.63,1090.2,0.775781,-2.04636e-12
516,2004-02-29,00:00:00.00,0,0,-0.034778,0,0.479124,0,671.527,0,58.4588,378.574,10,0,1.62802,0,0,1120.63,1090.2,0.775781,0
517,2004-03-01,00:00:00.00,0,1.7,-0.034778,0,0.479124,0,672.014,0,58.3962,378.312,10,0,3.16559,0,0,1122.33,1091.9,0.775781,-2.72848e-12
518,2004-03-02,00:00:00.00,0,7.4,-0.034778,0,0.479124,0,672.733,0,58.6336,378.063,10,0,9.85856,0,0,1129.73,1099.3,0.775781,0
519,2004-03-03,00:00:00.00,1.4,1.4,-0.034778,0,0.479124,0,673.406,0,59.5403,385.399,10,0.17824,3.5648,0,0,1132.53,1102.1,0.775781,2.27374e-12
520,2004-03-04,00:00:00.00,0,5.8,-0.034778,0,0.479124,0,674.033,0,59.6615,385.205,10,0,8.98888,0,0,1138.33,1107.9,0.775781,-9.09495e-13
521,2004-03-05,00:00:00.00,0,0,-0.034778,0,0.479124,0,674.808,0,59.104,384.987,10,0,8.98888,0,0,1138.33,1107.9,0.775781,0
522,2004-03-06,00:00:00.00,0,0,-0.034778,0,0.479124,0,675.467,0,58.6797,384.753,10,0,8.98888,0,0,1138.33,1107.9,0.775781,-1.59162e-12
523,2004-03-07,00:00:00.00,0,0.2,-0.034778,0,0.479124,0,676.247,0,58.1739,384.498,10,0,9.16977,0,0,1138.53,1108.1,0.775781,-2.27374e-12
524,2004-03-08,00:00:00.00,0,0.8,-0.034778,0,0.479124,0,677.094,0,57.6759,384.225,10,0,9.89333,0,0,1139.33,1108.9,0.775781,4.54747e-13
525,2004-03-09,00:00:00.00,0,0.7,-0.034778,0,0.479124,0,677.743,0,57.3765,383.942,10,0,10.5265,0,0,1140.03,1109.6,0.775781,6.82121e-13
526,2004-03-10,00:00:00.00,0,12.4,-0.034778,0,0.479124,0,678.938,0,57.6361,383.673,10,0,21.7417,0,0,1152.43,1122,0.775781,-3.18323e-12
527,2004-03-11,00:00:00.00,0,1.2,-0.034778,0,0.479124,0,679.611,0,57.6214,385.163,10,0.990152,19.803,0,0,1153.63,1123.2,0.775781,6.82121e-13
528,2004-03-12,00:00:00.00,0,0,-0.034778,0,0.479124,0,680.594,0,57.6805,389.942,10,0.712952,14.259,0,0,1153.63,1123.2,0.775781,2.72848e-12
529,2004-03-13,00:00:00.00,0,0,-0.034778,0,0.479124,0,681.695,0,58.7349,402.758,10,0,0,0,0,1153.63,1123.2,0.775781,-2.50111e-12
530,2004-03-14,00:00:00.00,1.7,0,-0.034778,0,0.479124,0,683.146,0,57.8802,403.862,10,0,0,0,0,1155.33,1124.9,0.775781,1.13687e-12
531,2004-03-15,00:00:00.00,0,0,-0.034778,0,0.479124,0,684.637,0,56.681,403.571,10,0,0,0,0,1155.33,1124.9,0.775781,9.09495e-13
532,2004-03-16,00:00:00.00,0,0,-0.034778,0,0.479124,0,686.468,0,55.2,403.221,10,0,0,0,0,1155.33,1124.9,0.775781,-6.82121e-13
533,2004-03-17,00:00:00.00,0,0,-0.034778,0,0.479124,0,688.251,0,53.8179,402.82,10,0,0,0,0,1155.33,1124.9,0.775781,-6.82121e-13
534,2004-03-18,00:00:00.00,0,0,-0.034778,0,0.479124,0,690.719,0,51.8259,402.344,10,0,0,0,0,1155.33,1124.9,0.775781,-2.27374e-12
535,2004-03-19,00:00:00.00,0,0,-0.034778,0,0.479124,0,692.966,0,50.1136,401.809,10,0,0,0,0,1155.33,1124.9,0.775781,-2.04636e-12
536,2004-03-20,00:00:00.00,3.3,0,-0.034778,0,0.479124,0,695.045,-2.80536e-19,49.8152,403.328,10,0,0,0,0,1158.63,1128.2,0.775781,-3.63798e-12
537,2004-03-21,00:00:00.00,9.7,0,-0.034778,0,0.479124,0,696.76,1.75607e-18,52.007,409.121,10,0,0,0,0,1168.33,1137.9,0.775781,0
538,2004-03-22,00:00:00.00,0.4,0,-0.034778,0,0.479124,0,698.169,0,51.1139,409.006,10,0,0,0,0,1168.73,1138.3,0.775781,-3.41061e-12
539,2004-03-23,00:00:00.00,0.2,0,-0.034778,0,0.479124,0,699.516,0,50.2614,408.711,10,0,0,0,0,1168.93,1138.5,0.775781,2.95586e-12
540,2004-03-24,00:00:00.00,2,0,-0.034778,0,0.479124,0,701.162,0,49.7016,409.624,10,0,0,0,0,1170.93,1140.5,0.775781,-2.04636e-12
541,2004-03-25,00:00:00.00,8,8,-0.034778,0,0.479124,0,702.857,0,53.3862,420.245,10,0,0,0,0,1186.93,1156.5,0.775781,4.54747e-13
542,2004-03-26,00:00:00.00,0,0,-0.034778,0,0.479124,0,703.567,0,52.9664,419.955,10,0,0,0,0,1186.93,1156.5,0.775781,0
543,2004-03-27,00:00:00.00,0,2.5,-0.034778,0,0.479124,0,704.153,0,52.9142,419.66,10,0,2.26114,0,0,1189.43,1159,0.775781,-3.41061e-12
544,2004-03-28,00:00:00.00,0,0,-0.034778,0,0.479124,0,705.084,0,52.307,419.337,10,0,2.26114,0,0,1189.43,1159,0.775781,-6.82121e-13
545,2004-03-29,00:00:00.00,0,0,-0.034778,0,0.479124,0,706.711,0,51.4243,420.853,10,0,0,0,0,1189.43,1159,0.775781,-6.82121e-13
546,2004-03-30,00:00:00.00,0,0,-0.034778,0,0.479124,0,708.851,0,49.7187,420.419,10,0,0,0,0,1189.43,1159,0.775781,-2.27374e-12
547,2004-03-31,00:00:00.00,0,0,-0.034778,0,0.479124,0,711.327,0,47.7527,419.908,10,0,0,0,0,1189.43,1159,0.775781,1.81899e-12
548,2004-04-01,00:00:00.00,0,0,-0.034778,0,0.479124,0,713.45,0,46.198,419.341,10,0,0,0,0,1189.43,1159,0.775781,-5.00222e-12
549,2004-04-02,00:00:00.00,0,0,-0.034778,0,0.479124,0,716.061,0,44.2238,418.704,10,0,0,0,0,1189.43,1159,0.775781,-6.82121e-13
550,2004-04-03,00:00:00.00,0,0,-0.034778,0,0.479124,0,718.752,0,42.2064,418.03,10,0,0,0,0,1189.43,1159,0.775781,-2.72848e-12
551,2004-04-04,00:00:00.00,0,0,-0.034778,0,0.479124,0,720.93,0,40.7301,417.328,10,0,0,0,0,1189.43,1159,0.775781,-2.04636e-12
552,2004-04-05,00:00:00.00,3.7,0,-0.034778,0,0.479124,0,723.362,-9.40084e-19,40.962,418.364,10,0,0,0,0,1193.13,1162.7,0.775781,-4.54747e-13
553,2004-04-06,00:00:00.00,3.1,0,-0.034778,0,0.479124,0,725.192,7.19629e-20,41.1891,419.408,10,0,0,0,0,1196.23,1165.8,0.775781,-1.59162e-12
554,2004-04-07,00:00:00.00,1.3,0,-0.034778,0,0.479124,0,726.716,-4.72164e-20,40.8719,419.5,10,0,0,0,0,1197.53,1167.1,0.775781,-9.09495e-13
555,2004-04-08,00:00:00.00,1.2,0,-0.034778,0,0.479124,0,728.359,6.22052e-20,40.4043,419.525,10,0,0,0,0,1198.73,1168.3,0.775781,-6.82121e-13
556,2004-04-09,00:00:00.00,0,0,-0.034778,0,0.479124,0,730.114,3.09929e-36,39.3384,418.836,10,0,0,0,0,1198.73,1168.3,0.775781,-2.95586e-12
557,2004-04-10,00:00:00.00,0.5,0,-0.034778,0,0.479124,0,731.423,2.61645e-20,38.9581,418.407,10,0,0,0,0,1199.23,1168.8,0.775781,-2.27374e-12
558,2004-04-11,00:00:00.00,3.3,0,-0.034778,0,0.479124,0,733.856,-1.95368e-19,38.7654,419.467,10,0,0,0,0,1202.53,1172.1,0.775781,-2.95586e-12
559,2004-04-12,00:00:00.00,0,0,-0.034778,0,0.479124,0,735.998,3.5442e-37,37.3572,418.734,10,0,0,0,0,1202.53,1172.1,0.775781,-2.72848e-12
560,2004-04-13,00:00:00.00,0,0,-0.034778,0,0.479124,0,738.292,5.40613e-53,35.8355,417.961,10,0,0,0,0,1202.53,1172.1,0.775781,4.54747e-13
561,2004-04-14,00:00:00.00,0,0,-0.034778,0,0.479124,0,739.885,6.65626e-70,35.0278,417.176,10,0,0,0,0,1202.53,1172.1,0.775781,-6.82121e-13
562,2004-04-15,00:00:00.00,0,0,-0.034778,0,0.479124,0,742.243,0,33.4817,416.364,10,0,0,0,0,1202.53,1172.1,0.775781,-2.27374e-13
563,2004-04-16,00:00:00.00,0,0,-0.034778,0,0.479124,0,745.408,0,31.1684,415.512,10,0,0,0,0,1202.53,1172.1,0.775781,-1.36424e-12
564,2004-04-17,00:00:00.00,0,0,-0.034778,0,0.479124,0,747.864,0,29.5859,414.638,10,0,0,0,0,1202.53,1172.1,0.775781,-2.04636e-12
565,2004-04-18,00:00:00.00,0,0,-0.034778,0,0.479124,0,750.441,0,27.9058,413.741,10,0,0,0,0,1202.53,1172.1,0.775781,-1.36424e-12
566,2004-04-19,00:00:00.00,2.1,0,-0.034778,0,0.479124,0,753.577,-1.71755e-18,27.1571,413.454,10,0,0,0,0,1204.63,1174.2,0.775781,-2.27374e-12
567,2004-04-20,00:00:00.00,5.4,0,-0.034778,0,0.479124,0,755.351,-6.09387e-18,29.9449,414.293,10,0,0,0,0,1210.03,1179.6,0.775781,-9.09495e-13
568,2004-04-21,00:00:00.00,0,0,-0.034778,0,0.479124,0,758.045,-3.61166e-34,28.0989,413.445,10,0,0,0,0,1210.03,1179.6,0.775781,-2.27374e-12
569,2004-04-22,00:00:00.00,0,0,-0.034778,0,0.479124,0,761.714,7.47873e-52,25.3538,412.521,10,0,0,0,0,1210.03,1179.6,0.775781,0
570,2004-04-23,00:00:00.00,0,0,-0.034778,0,0.479124,0,764.471,-4.16027e-68,23.5397,411.577,10,0,0,0,0,1210.03,1179.6,0.775781,-2.50111e-12
571,2004-04-24,00:00:00.00,3.1,0,-0.034778,0,0.479124,0,767.531,1.69601e-18,23.7472,411.41,10,0,0,0,0,1213.13,1182.7,0.775781,-1.59162e-12
572,2004-04-25,00:00:00.00,10.5,0,-0.034778,0,0.479124,0,768.769,4.09338e-18,30.2317,414.188,10,0,0,0,0,1223.63,1193.2,0.775781,-6.82121e-13
573,2004-04-26,00:00:00.00,0.9,0,-0.034778,0,0.479124,0,771.399,-9.02555e-21,28.7173,413.972,10,0,0,0,0,1224.53,1194.1,0.775781,-1.59162e-12
574,2004-04-27,00:00:00.00,0.6,0,-0.034778,0,0.479124,0,773.782,-3.2853e-19,27.3994,413.507,10,0,0,0,0,1225.13,1194.7,0.775781,-9.09495e-13
575,2004-04-28,00:00:00.00,0,0,-0.034778,0,0.479124,0,776.801,-1.79387e-35,25.2409,412.646,10,0,0,0,0,1225.13,1194.7,0.775781,-1.36424e-12
576,2004-04-29,00:00:00.00,0,0,-0.034778,0,0.479124,0,780.731,-8.36402e-53,22.2558,411.701,10,0,0,0,0,1225.13,1194.7,0.775781,-1.59162e-12
577,2004-04-30,00:00:00.00,0,0,-0.034778,0,0.479124,0,783.948,-5.55847e-69,20.0138,410.726,10,0,0,0,0,1225.13,1194.7,0.775781,-4.54747e-12
578,2004-05-01,00:00:00.00,0,0,-0.034778,0,0.479124,0,786.758,1.22476e-86,18.1962,409.734,10,0,0,0,0,1225.13,1194.7,0.775781,-4.09273e-12
579,2004-05-02,00:00:00.00,2.3,0,-0.034778,0,0.479124,0,789.691,2.65562e-18,18.0889,409.208,10,0,0,0,0,1227.43,1197,0.775781,1.36424e-12
580,2004-05-03,00:00:00.00,5.3,0,-0.034778,0,0.479124,0,791.426,-2.41084e-17,21.2242,409.638,10,0,0,0,0,1232.73,1202.3,0.775781,1.59162e-12
581,2004-05-04,00:00:00.00,11.6,0,-0.034778,0,0.479124,0,795.532,3.23756e-18,24.7464,413.61,10,0,0,0,0,1244.33,1213.9,0.775781,9.09495e-13
582,2004-05-05,00:00:00.00,1.1,0,-0.034778,0,0.479124,0,799.368,1.17624e-18,22.3152,413.305,10,0,0,0,0,1245.43,1215,0.775781,-9.09495e-13
583,2004-05-06,00:00:00.00,8,0,-0.034778,0,0.479124,0,802.7,1.04084e-17,24.3442,415.944,10,0,0,0,0,1253.43,1223,0.775781,2.27374e-13
584,2004-05-07,00:00:00.00,28,0,-0.034778,0,0.479124,0,805.954,9.13786e-21,35.3803,429.654,10,0,0,0,0,1281.43,1251,0.775781,-9.09495e-13
585,2004-05-08,00:00:00.00,0.6,0,-0.034778,0,0.479124,0,807.872,0,34.1562,429.561,10,0,0,0,0,1282.03,1251.6,0.775781,-2.27374e-13
586,2004-05-09,00:00:00.00,0,0,-0.034778,0,0.479124,0,811.017,0,31.6176,428.954,10,0,0,0,0,1282.03,1251.6,0.775781,-1.81899e-12
587,2004-05-10,00:00:00.00,3.8,0,-0.034778,0,0.479124,0,813.893,0,30.9614,430.534,10,0,0,0,0,1285.83,1255.4,0.775781,-3.18323e-12
588,2004-05-11,00:00:00.00,27.8,0,-0.034778,0,0.479124,0,817.179,0,39.4263,446.583,10,0,0,0,0,1313.63,1283.2,0.775781,1.59162e-12
589,2004-05-12,00:00:00.00,0,0,-0.034778,0,0.479124,0,820.742,0,36.366,446.08,10,0,0,0,0,1313.63,1283.2,0.775781,-6.82121e-13
590,2004-05-13,00:00:00.00,1.6,0,-0.034778,0,0.479124,0,823.239,0,35.0066,446.542,10,0,0,0,0,1315.23,1284.8,0.775781,-2.27374e-13
591,2004-05-14,00:00:00.00,4.7,0,-0.034778,0,0.479124,0,824.374,0,36.2211,448.893,10,0,0,0,0,1319.93,1289.5,0.775781,4.54747e-13
592,2004-05-15,00:00:00.00,0,0,-0.034778,0,0.479124,0,827.207,0,34,448.281,10,0,0,0,0,1319.93,1289.5,0.775781,4.54747e-13
593,2004-05-16,00:00:00.00,10.4,0,-0.034778,0,0.479124,0,830.357,0,35.7033,453.828,10,0,0,0,0,1330.33,1299.9,0.775781,4.54747e-13
594,2004-05-17,00:00:00.00,0,0,-0.034778,0,0.479124,0,832.887,0,33.79,453.212,10,0,0,0,0,1330.33,1299.9,0.775781,-3.18323e-12
595,2004-05-18,00:00:00.00,0,0,-0.034778,0,0.479124,0,835.846,0,31.5378,452.504,10,0,0,0,0,1330.33,1299.9,0.775781,2.95586e-12
596,2004-05-19,00:00:00.00,0,0,-0.034778,0,0.479124,0,839.22,0,28.95,451.719,10,0,0,0,0,1330.33,1299.9,0.775781,-3.86535e-12
597,2004-05-20,00:00:00.00,0,0,-0.034778,0,0.479124,0,843.179,0,25.8352,450.874,10,0,0,0,0,1330.33,1299.9,0.775781,1.36424e-12
598,2004-05-21,00:00:00.00,0,0,-0.034778,0,0.479124,0,845.64,0,24.249,449.999,10,0,0,0,0,1330.33,1299.9,0.775781,3.41061e-12
599,2004-05-22,00:00:00.00,1.2,0,-0.034778,0,0.479124,0,848.661,1.03104e-18,22.9064,449.521,10,0,0,0,0,1331.53,1301.1,0.775781,1.13687e-12
600,2004-05-23,00:00:00.00,6.8,0,-0.034778,0,0.479124,0,850.823,1.61776e-18,26.0384,451.027,10,0,0,0,0,1338.33,1307.9,0.775781,-9.09495e-13
601,2004-05-24,00:00:00.00,11.4,0,-0.034778,0,0.479124,0,852.448,0,30.6879,456.152,10,0,0,0,0,1349.73,1319.3,0.775781,-3.18323e-12
602,2004-05-25,00:00:00.00,0,0,-0.034778,0,0.479124,0,855.307,0,28.5015,455.48,10,0,0,0,0,1349.73,1319.3,0.775781,-1.59162e-12
603,2004-05-26,00:00:00.00,2,0,-0.034778,0,0.479124,0,858.164,0,27.285,455.839,10,0,0,0,0,1351.73,1321.3,0.775781,-1.59162e-12
604,2004-05-27,00:00:00.00,2,0,-0.034778,0,0.479124,0,860.135,-6.68414e-22,27.0338,456.12,10,0,0,0,0,1353.73,1323.3,0.775781,-2.27374e-13
605,2004-05-28,00:00:00.00,0,0,-0.034778,0,0.479124,0,863.623,0,24.3954,455.27,10,0,0,0,0,1353.73,1323.3,0.775781,1.13687e-12
606,2004-05-29,00:00:00.00,0,0,-0.034778,0,0.479124,0,867.456,0,21.476,454.356,10,0,0,0,0,1353.73,1323.3,0.775781,1.59162e-12
607,2004-05-30,00:00:00.00,0,0,-0.034778,0,0.479124,0,871.389,0,18.5087,453.391,10,0,0,0,0,1353.73,1323.3,0.775781,-2.04636e-12
608,2004-05-31,00:00:00.00,0,0,-0.034778,0,0.479124,0,875.311,0,15.594,452.383,10,0,0,0,0,1353.73,1323.3,0.775781,-1.36424e-12
609,2004-06-01,00:00:00.00,1.5,0,-0.034778,0,0.479124,0,879.219,4.40951e-19,13.8978,451.672,10,0,0,0,0,1355.23,1324.8,0.775781,-1.36424e-12
610,2004-06-02,00:00:00.00,3.5,0,-0.034778,0,0.479124,0,881.826,-2.41918e-18,15.1374,451.325,10,0,0,0,0,1358.73,1328.3,0.775781,-3.86535e-12
611,2004-06-03,00:00:00.00,3.4,0,-0.034778,0,0.479124,0,884.364,-1.44742e-18,15.935,451.389,10,0,0,0,0,1362.13,1331.7,0.775781,-1.36424e-12
612,2004-06-04,00:00:00.00,1,0,-0.034778,0,0.479124,0,888.207,2.2674e-19,13.7797,450.702,10,0,0,0,0,1363.13,1332.7,0.775781,-3.18323e-12
613,2004-06-05,00:00:00.00,4.2,0,-0.034778,0,0.479124,0,893.238,1.68194e-18,12.9933,450.657,10,0,0,0,0,1367.33,1336.9,0.775781,-2.27374e-12
614,2004-06-06,00:00:00.00,5.4,0,-0.034778,0,0.479124,0,895.5,-7.51255e-18,15.9194,450.869,10,0,0,0,0,1372.73,1342.3,0.775781,-5.00222e-12
615,2004-06-07,00:00:00.00,0,0,-0.034778,0,0.479124,0,899.214,1.088e-34,13.23,449.844,10,0,0,0,0,1372.73,1342.3,0.775781,-2.72848e-12
616,2004-06-08,00:00:00.00,0,0,-0.034778,0,0.479124,0,903.047,3.47429e-51,10.4502,448.791,10,0,0,0,0,1372.73,1342.3,0.775781,-2.04636e-12
617,2004-06-09,00:00:00.00,0,0,-0.034778,0,0.479124,0,905.946,4.84472e-68,8.6176,447.724,10,0,0,0,0,1372.73,1342.3,0.775781,3.41061e-12
618,2004-06-10,00:00:00.00,0,0,-0.034778,0,0.479124,0,908.435,-5.62967e-85,7.20608,446.647,10,0,0,0,0,1372.73,1342.3,0.775781,-4.09273e-12
619,2004-06-11,00:00:00.00,0.5,0,-0.034778,0,0.479124,0,911.039,3.67221e-19,6.13361,445.616,10,0,0,0,0,1373.23,1342.8,0.775781,1.59162e-12
620,2004-06-12,00:00:00.00,23.4,0,-0.034778,0,0.479124,0,914.895,7.84018e-18,21.6568,449.637,10,0,0,0,0,1396.63,1366.2,0.775781,-4.09273e-12
621,2004-06-13,00:00:00.00,9.4,0,-0.034778,0,0.479124,0,917.935,4.11492e-18,23.3044,454.349,10,0,0,0,0,1406.03,1375.6,0.775781,1.81899e-12
622,2004-06-14,00:00:00.00,0.6,0,-0.034778,0,0.479124,0,921.212,-1.65972e-19,20.9969,453.979,10,0,0,0,0,1406.63,1376.2,0.775781,-1.81899e-12
623,2004-06-15,00:00:00.00,0,0,-0.034778,0,0.479124,0,925.25,-2.86217e-36,17.8057,453.133,10,0,0,0,0,1406.63,1376.2,0.775781,3.18323e-12
624,2004-06-16,00:00:00.00,4.5,0,-0.034778,0,0.479124,0,930.091,3.48121e-18,16.4438,454.154,10,0,0,0,0,1411.13,1380.7,0.775781,-9.09495e-13
625,2004-06-17,00:00:00.00,0,0,-0.034778,0,0.479124,0,933.497,1.38096e-34,13.984,453.208,10,0,0,0,0,1411.13,1380.7,0.775781,2.95586e-12
626,2004-06-18,00:00:00.00,5.3,0,-0.034778,0,0.479124,0,938.076,-1.72e-18,14.0764,453.836,10,0,0,0,0,1416.43,1386,0.775781,6.82121e-13
627,2004-06-19,00:00:00.00,0.9,0,-0.034778,0,0.479124,0,940.924,-1.1409e-18,12.7802,453.185,10,0,0,0,0,1417.33,1386.9,0.775781,-3.41061e-12
628,2004-06-20,00:00:00.00,1.7,0,-0.034778,0,0.479124,0,943.67,3.89515e-18,12.1936,452.724,10,0,0,0,0,1419.03,1388.6,0.775781,-2.27374e-13
629,2004-06-21,00:00:00.00,0.4,0,-0.034778,0,0.479124,0,947.129,8.98472e-19,10.0445,451.815,10,0,0,0,0,1419.43,1389,0.775781,6.82121e-13
630,2004-06-22,00:00:00.00,2.9,0,-0.034778,0,0.479124,0,951.172,1.33955e-20,9.29917,451.417,10,0,0,0,0,1422.33,1391.9,0.775781,9.09495e-13
631,2004-06-23,00:00:00.00,3.7,0,-0.034778,0,0.479124,0,955.929,-4.36068e-18,8.53217,451.127,10,0,0,0,0,1426.03,1395.6,0.775781,-5.68434e-12
632,2004-06-24,00:00:00.00,7.1,0,-0.034778,0,0.479124,0,960.704,-2.97926e-18,10.4666,451.518,10,0,0,0,0,1433.13,1402.7,0.775781,-2.04636e-12
633,2004-06-25,00:00:00.00,0,0,-0.034778,0,0.479124,0,964.445,1.49495e-35,7.78914,450.455,10,0,0,0,0,1433.13,1402.7,0.775781,-9.09495e-13
634,2004-06-26,00:00:00.00,0,0,-0.034778,0,0.479124,0,966.98,-1.45107e-53,6.33048,449.378,10,0,0,0,0,1433.13,1402.7,0.775781,1.13687e-12
635,2004-06-27,00:00:00.00,0,0,-0.034778,0,0.479124,0,969.189,-1.58236e-67,5.20947,448.29,10,0,0,0,0,1433.13,1402.7,0.775781,-3.18323e-12
636,2004-06-28,00:00:00.00,2.6,0,-0.034778,0,0.479124,0,972.852,-2.87951e-18,4.94192,447.494,10,0,0,0,0,1435.73,1405.3,0.775781,-2.27374e-12
637,2004-06-29,00:00:00.00,0,0,-0.034778,0,0.479124,0,974.623,1.51592e-34,4.26599,446.399,10,0,0,0,0,1435.73,1405.3,0.775781,-1.36424e-12
638,2004-06-30,00:00:00.00,0,0,-0.034778,0,0.479124,0,976.18,2.01272e-51,3.80797,445.3,10,0,0,0,0,1435.73,1405.3,0.775781,-3.63798e-12
639,2004-07-01,00:00:00.00,0,0,-0.034778,0,0.479124,0,977.897,8.24143e-68,3.19438,444.197,10,0,0,0,0,1435.73,1405.3,0.775781,1.59162e-12
640,2004-07-02,00:00:00.00,5,0,-0.034778,0,0.479124,0,981.838,-2.9803e-18,4.90723,443.543,10,0,0,0,0,1440.73,1410.3,0.775781,1.13687e-12
641,2004-07-03,00:00:00.00,0.4,0,-0.034778,0,0.479124,0,984.587,-5.99774e-19,3.57286,442.529,10,0,0,0,0,1441.13,1410.7,0.775781,-5.22959e-12
642,2004-07-04,00:00:00.00,4.1,0,-0.034778,0,0.479124,0,987.887,-4.16978e-18,5.00006,441.902,10,0,0,0,0,1445.23,1414.8,0.775781,-3.41061e-12
643,2004-07-05,00:00:00.00,1.1,0,-0.034778,0,0.479124,0,991.183,-1.23629e-18,3.66896,441.037,10,0,0,0,0,1446.33,1415.9,0.775781,-1.59162e-12
644,2004-07-06,00:00:00.00,16.1,0,-0.034778,0,0.479124,0,995.342,1.78043e-17,13.6175,443.029,10,0,0,0,0,1462.43,1432,0.775781,-2.27374e-12
645,2004-07-07,00:00:00.00,0,0,-0.034778,0,0.479124,0,999.218,-3.66796e-34,10.6276,442.142,10,0,0,0,0,1462.43,1432,0.775781,-7.50333e-12
646,2004-07-08,00:00:00.00,0,0,-0.034778,0,0.479124,0,1004.51,4.87629e-51,6.38577,441.092,10,0,0,0,0,1462.43,1432,0.775781,2.04636e-12
647,2004-07-09,00:00:00.00,17.6,0,-0.034778,0,0.479124,0,1010,2.54053e-17,14.5916,445.001,10,0,0,0,0,1480.03,1449.6,0.775781,-2.50111e-12
648,2004-07-10,00:00:00.00,0.8,0,-0.034778,0,0.479124,0,1013.17,-1.29819e-19,12.7052,444.516,10,0,0,0,0,1480.83,1450.4,0.775781,-2.27374e-13
649,2004-07-11,00:00:00.00,2,0,-0.034778,0,0.479124,0,1016.27,1.39139e-18,11.6926,444.424,10,0,0,0,0,1482.83,1452.4,0.775781,-6.82121e-13
650,2004-07-12,00:00:00.00,0.5,0,-0.034778,0,0.479124,0,1020.11,3.63026e-19,9.1724,443.603,10,0,0,0,0,1483.33,1452.9,0.775781,-2.27374e-12
651,2004-07-13,00:00:00.00,11,0,-0.034778,0,0.479124,0,1022.88,-1.46592e-17,15.0642,445.94,10,0,0,0,0,1494.33,1463.9,0.775781,-9.09495e-13
652,2004-07-14,00:00:00.00,2.2,0,-0.034778,0,0.479124,0,1024.92,3.79134e-19,14.9829,446.183,10,0,0,0,0,1496.53,1466.1,0.775781,-2.72848e-12
653,2004-07-15,00:00:00.00,1.2,0,-0.034778,0,0.479124,0,1028.15,-5.4872e-19,13.2799,445.86,10,0,0,0,0,1497.73,1467.3,0.775781,1.13687e-12
654,2004-07-16,00:00:00.00,0,0,-0.034778,0,0.479124,0,1031.76,3.16588e-36,10.6514,444.879,10,0,0,0,0,1497.73,1467.3,0.775781,-2.95586e-12
655,2004-07-17,00:00:00.00,0,0,-0.034778,0,0.479124,0,1035.34,-3.52721e-52,8.10148,443.844,10,0,0,0,0,1497.73,1467.3,0.775781,-3.63798e-12
656,2004-07-18,00:00:00.00,0,0,-0.034778,0,0.479124,0,1039.8,-4.85666e-69,4.73772,442.754,10,0,0,0,0,1497.73,1467.3,0.775781,-1.59162e-12
657,2004-07-19,00:00:00.00,0.9,0,-0.034778,0,0.479124,0,1043.01,-2.06531e-19,3.40543,441.769,10,0,0,0,0,1498.63,1468.2,0.775781,-1.36424e-12
658,2004-07-20,00:00:00.00,0,0,-0.034778,0,0.479124,0,1044.74,-5.57313e-36,2.78533,440.665,10,0,0,0,0,1498.63,1468.2,0.775781,4.54747e-13
659,2004-07-21,00:00:00.00,22,0,-0.034778,0,0.479124,0,1050.52,-5.9292e-17,15.8151,443.852,10,0,0,0,0,1520.63,1490.2,0.775781,-1.81899e-12
660,2004-07-22,00:00:00.00,0,0,-0.034778,0,0.479124,0,1055.39,1.03627e-34,11.831,442.964,10,0,0,0,0,1520.63,1490.2,0.775781,-1.13687e-12
661,2004-07-23,00:00:00.00,12.2,0,-0.034778,0,0.479124,0,1058.69,8.71888e-18,16.7259,446.973,10,0,0,0,0,1532.83,1502.4,0.775781,1.59162e-12
662,2004-07-24,00:00:00.00,0.4,0,-0.034778,0,0.479124,0,1064.8,7.56459e-20,11.7514,446.238,10,0,0,0,0,1533.23,1502.8,0.775781,-5.45697e-12
663,2004-07-25,00:00:00.00,0.4,0,-0.034778,0,0.479124,0,1067.55,7.03383e-20,10.2345,445.402,10,0,0,0,0,1533.63,1503.2,0.775781,1.59162e-12
664,2004-07-26,00:00:00.00,1.6,0,-0.034778,0,0.479124,0,1071.63,2.75272e-19,8.29567,444.863,10,0,0,0,0,1535.23,1504.8,0.775781,1.13687e-12
665,2004-07-27,00:00:00.00,12.6,0,-0.034778,0,0.479124,0,1074.35,-8.51252e-18,15.7265,447.312,10,0,0,0,0,1547.83,1517.4,0.775781,-2.72848e-12
666,2004-07-28,00:00:00.00,2.4,0,-0.034778,0,0.479124,0,1077.27,1.05817e-18,14.7877,447.73,10,0,0,0,0,1550.23,1519.8,0.775781,-4.54747e-13
667,2004-07-29,00:00:00.00,0,0,-0.034778,0,0.479124,0,1081.33,7.93578e-35,11.6407,446.82,10,0,0,0,0,1550.23,1519.8,0.775781,1.36424e-12
668,2004-07-30,00:00:00.00,0,0,-0.034778,0,0.479124,0,1085.86,2.17902e-51,8.13704,445.791,10,0,0,0,0,1550.23,1519.8,0.775781,2.04636e-12
669,2004-07-31,00:00:00.00,0,0,-0.034778,0,0.479124,0,1089.81,4.25178e-68,5.26292,444.711,10,0,0,0,0,1550.23,1519.8,0.775781,-1.13687e-12
670,2004-08-01,00:00:00.00,0,0,-0.034778,0,0.479124,0,1092.85,-4.88504e-84,3.32831,443.612,10,0,0,0,0,1550.23,1519.8,0.775781,-5.68434e-12
671,2004-08-02,00:00:00.00,0,0,-0.034778,0,0.479124,0,1094.51,6.56803e-102,2.76548,442.509,10,0,0,0,0,1550.23,1519.8,0.775781,-4.3201e-12
672,2004-08-03,00:00:00.00,0,0,-0.034778,0,0.479124,0,1096.23,-1.87255e-118,2.16109,441.402,10,0,0,0,0,1550.23,1519.8,0.775781,-6.82121e-13
673,2004-08-04,00:00:00.00,0,0,-0.034778,0,0.479124,0,1097.74,0,1.75432,440.291,10,0,0,0,0,1550.23,1519.8,0.775781,4.54747e-13
674,2004-08-05,00:00:00.00,0,0,-0.034778,0,0.479124,0,1099.22,0,1.38802,439.177,10,0,0,0,0,1550.23,1519.8,0.775781,-4.77485e-12
675,2004-08-06,00:00:00.00,0,0,-0.034778,0,0.479124,0,1100.57,0,1.16119,438.062,10,0,0,0,0,1550.23,1519.8,0.775781,-2.95586e-12
676,2004-08-07,00:00:00.00,0,0,-0.034778,0,0.479124,0,1101.79,0,1.0491,436.945,10,0,0,0,0,1550.23,1519.8,0.775781,-3.18323e-12
677,2004-08-08,00:00:00.00,0,0,-0.034778,0,0.479124,0,1102.98,0,0.98255,435.829,10,0,0,0,0,1550.23,1519.8,0.775781,-1.13687e-12
678,2004-08-09,00:00:00.00,0,0,-0.034778,0,0.479124,0,1104.17,0,0.909144,434.712,10,0,0,0,0,1550.23,1519.8,0.775781,-1.36424e-12
679,2004-08-10,00:00:00.00,0,0,-0.034778,0,0.479124,0,1105.35,0,0.842031,433.594,10,0,0,0,0,1550.23,1519.8,0.775781,-1.13687e-12
680,2004-08-11,00:00:00.00,0,0,-0.034778,0,0.479124,0,1106.55,0,0.764555,432.477,10,0,0,0,0,1550.23,1519.8,0.775781,-1.13687e-12
681,2004-08-12,00:00:00.00,0,0,-0.034778,0,0.479124,0,1107.64,0,0.792285,431.359,10,0,0,0,0,1550.23,1519.8,0.775781,-6.13909e-12
682,2004-08-13,00:00:00.00,10.4,0,-0.034778,0,0.479124,0,1112.53,-4.07634e-18,6.68692,430.968,10,0,0,0,0,1560.63,1530.2,0.775781,6.82121e-13
683,2004-08-14,00:00:00.00,1.6,0,-0.034778,0,0.479124,0,1115.39,6.92239e-19,5.86622,430.536,10,0,0,0,0,1562.23,1531.8,0.775781,-2.95586e-12
684,2004-08-15,00:00:00.00,1.8,0,-0.034778,0,0.479124,0,1118.02,-2.42191e-18,5.5088,430.064,10,0,0,0,0,1564.03,1533.6,0.775781,-2.27374e-13
685,2004-08-16,00:00:00.00,0,0,-0.034778,0,0.479124,0,1121.48,7.4849e-35,3.13562,428.97,10,0,0,0,0,1564.03,1533.6,0.775781,-1.81899e-12
686,2004-08-17,00:00:00.00,0,0,-0.034778,0,0.479124,0,1123.68,2.61392e-52,2.04153,427.864,10,0,0,0,0,1564.03,1533.6,0.775781,0
687,2004-08-18,00:00:00.00,4.4,0,-0.034778,0,0.479124,0,1127.47,-4.27408e-18,3.36468,427.158,10,0,0,0,0,1568.43,1538,0.775781,-4.3201e-12
688,2004-08-19,00:00:00.00,0,0,-0.034778,0,0.479124,0,1129.73,2.56657e-35,2.20288,426.054,10,0,0,0,0,1568.43,1538,0.775781,-3.18323e-12
689,2004-08-20,00:00:00.00,2.4,0,-0.034778,0,0.479124,0,1132.39,8.31068e-19,2.81663,425.18,10,0,0,0,0,1570.83,1540.4,0.775781,-6.59384e-12
690,2004-08-21,00:00:00.00,1.8,0,-0.034778,0,0.479124,0,1134.64,6.77857e-19,3.22136,424.322,10,0,0,0,0,1572.63,1542.2,0.775781,6.82121e-13
691,2004-08-22,00:00:00.00,1.2,0,-0.034778,0,0.479124,0,1136.9,-1.91821e-18,3.08599,423.401,10,0,0,0,0,1573.83,1543.4,0.775781,-3.41061e-12
692,2004-08-23,00:00:00.00,0,0,-0.034778,0,0.479124,0,1138.41,-9.26333e-36,2.68135,422.302,10,0,0,0,0,1573.83,1543.4,0.775781,-5.00222e-12
693,2004-08-24,00:00:00.00,0,0,-0.034778,0,0.479124,0,1140.14,-1.2174e-52,2.05194,421.196,10,0,0,0,0,1573.83,1543.4,0.775781,-7.04858e-12
694,2004-08-25,00:00:00.00,6.8,0,-0.034778,0,0.479124,0,1142.56,4.50076e-18,6.78192,420.846,10,0,0,0,0,1580.63,1550.2,0.775781,-2.50111e-12
695,2004-08-26,00:00:00.00,0,0,-0.034778,0,0.479124,0,1145.09,-2.60489e-34,5.26427,419.83,10,0,0,0,0,1580.63,1550.2,0.775781,-2.50111e-12
696,2004-08-27,00:00:00.00,8.8,0,-0.034778,0,0.479124,0,1147.62,8.26581e-18,10.0634,421.309,10,0,0,0,0,1589.43,1559,0.775781,-2.27374e-12
697,2004-08-28,00:00:00.00,1.2,0,-0.034778,0,0.479124,0,1150.01,2.3584e-18,9.30026,420.873,10,0,0,0,0,1590.63,1560.2,0.775781,-2.04636e-12
698,2004-08-29,00:00:00.00,1.1,0,-0.034778,0,0.479124,0,1152.1,-5.40702e-19,8.85411,420.337,10,0,0,0,0,1591.73,1561.3,0.775781,-4.54747e-12
699,2004-08-30,00:00:00.00,1.7,0,-0.034778,0,0.479124,0,1155.41,-8.16962e-19,7.65438,419.925,10,0,0,0,0,1593.43,1563,0.775781,-3.63798e-12
700,2004-08-31,00:00:00.00,6.2,0,-0.034778,0,0.479124,0,1157.81,-1.48407e-19,10.5022,420.879,10,0,0,0,0,1599.63,1569.2,0.775781,1.59162e-12
701,2004-09-01,00:00:00.00,0,0,-0.034778,0,0.479124,0,1160.37,1.1396e-34,8.90312,419.914,10,0,0,0,0,1599.63,1569.2,0.775781,-2.04636e-12
702,2004-09-02,00:00:00.00,0,0,-0.034778,0,0.479124,0,1163.07,3.25697e-52,7.23579,418.882,10,0,0,0,0,1599.63,1569.2,0.775781,-4.09273e-12
703,2004-09-03,00:00:00.00,0,0,-0.034778,0,0.479124,0,1166.23,7.08494e-68,5.14933,417.812,10,0,0,0,0,1599.63,1569.2,0.775781,-1.13687e-12
704,2004-09-04,00:00:00.00,0,0,-0.034778,0,0.479124,0,1168.96,1.48484e-84,3.50842,416.719,10,0,0,0,0,1599.63,1569.2,0.775781,-3.86535e-12
705,2004-09-05,00:00:00.00,0,0,-0.034778,0,0.479124,0,1170.82,3.02474e-101,2.74654,415.619,10,0,0,0,0,1599.63,1569.2,0.775781,2.27374e-12
706,2004-09-06,00:00:00.00,0,0,-0.034778,0,0.479124,0,1172.41,7.49453e-118,2.26374,414.514,10,0,0,0,0,1599.63,1569.2,0.775781,4.54747e-13
707,2004-09-07,00:00:00.00,0,0,-0.034778,0,0.479124,0,1173.83,4.73954e-134,1.9471,413.406,10,0,0,0,0,1599.63,1569.2,0.775781,-3.18323e-12
708,2004-09-08,00:00:00.00,0,0,-0.034778,0,0.479124,0,1175.15,-3.15716e-150,1.73777,412.296,10,0,0,0,0,1599.63,1569.2,0.775781,-2.95586e-12
709,2004-09-09,00:00:00.00,0,0,-0.034778,0,0.479124,0,1176.22,0,1.78615,411.186,10,0,0,0,0,1599.63,1569.2,0.775781,-1.13687e-12
710,2004-09-10,00:00:00.00,0,0,-0.034778,0,0.479124,0,1177.31,0,1.79958,410.077,10,0,0,0,0,1599.63,1569.2,0.775781,-6.13909e-12
711,2004-09-11,00:00:00.00,0,0,-0.034778,0,0.479124,0,1178.66,0,1.56234,408.966,10,0,0,0,0,1599.63,1569.2,0.775781,-2.04636e-12
712,2004-09-12,00:00:00.00,5,0,-0.034778,0,0.479124,0,1181.34,-1.53367e-17,4.52605,408.326,10,0,0,0,0,1604.63,1574.2,0.775781,2.27374e-13
713,2004-09-13,00:00:00.00,5.8,0,-0.034778,0,0.479124,0,1183.33,-1.59224e-18,7.79736,408.859,10,0,0,0,0,1610.43,1580,0.775781,0
714,2004-09-14,00:00:00.00,0,0,-0.034778,0,0.479124,0,1185.97,-2.23888e-34,6.16183,407.858,10,0,0,0,0,1610.43,1580,0.775781,-4.54747e-12
715,2004-09-15,00:00:00.00,1,0,-0.034778,0,0.479124,0,1188.83,4.78815e-20,5.07728,407.085,10,0,0,0,0,1611.43,1581,0.775781,-2.72848e-12
716,2004-09-16,00:00:00.00,0,0,-0.034778,0,0.479124,0,1190.58,-1.52122e-35,4.39637,406.01,10,0,0,0,0,1611.43,1581,0.775781,-2.72848e-12
717,2004-09-17,00:00:00.00,0,0,-0.034778,0,0.479124,0,1192.05,3.09961e-52,4.00858,404.93,10,0,0,0,0,1611.43,1581,0.775781,6.82121e-13
718,2004-09-18,00:00:00.00,0,0,-0.034778,0,0.479124,0,1193.72,-1.83988e-68,3.42799,403.84,10,0,0,0,0,1611.43,1581,0.775781,-2.72848e-12
719,2004-09-19,00:00:00.00,0,0,-0.034778,0,0.479124,0,1195.3,-5.59979e-85,2.94049,402.744,10,0,0,0,0,1611.43,1581,0.775781,-3.63798e-12
720,2004-09-20,00:00:00.00,0.9,0,-0.034778,0,0.479124,0,1197.4,-1.32891e-18,2.74197,401.75,10,0,0,0,0,1612.33,1581.9,0.775781,-2.50111e-12
721,2004-09-21,00:00:00.00,1.3,0,-0.034778,0,0.479124,0,1199.05,7.93068e-20,3.33761,400.802,10,0,0,0,0,1613.63,1583.2,0.775781,-5.68434e-12
722,2004-09-22,00:00:00.00,13.5,0,-0.034778,0,0.479124,0,1200.75,9.29465e-18,13.5999,402.338,10,0,0,0,0,1627.13,1596.7,0.775781,0
723,2004-09-23,00:00:00.00,9.1,0,-0.034778,0,0.479124,0,1201.98,4.9025e-18,17.6795,406.13,10,0,0,0,0,1636.23,1605.8,0.775781,-6.82121e-12
724,2004-09-24,00:00:00.00,7.7,0,-0.034778,0,0.479124,0,1202.94,-5.1565e-19,20.8553,409.695,10,0,0,0,0,1643.93,1613.5,0.775781,2.27374e-13
725,2004-09-25,00:00:00.00,9,0,-0.034778,0,0.479124,0,1204.12,7.23333e-19,24.0348,414.336,10,0,0,0,0,1652.93,1622.5,0.775781,-2.27374e-12
726,2004-09-26,00:00:00.00,3,0,-0.034778,0,0.479124,0,1205.69,2.95314e-19,24.1941,415.602,10,0,0,0,0,1655.93,1625.5,0.775781,-1.59162e-12
727,2004-09-27,00:00:00.00,0.6,0,-0.034778,0,0.479124,0,1206.81,-9.7529e-20,23.8963,415.381,10,0,0,0,0,1656.53,1626.1,0.775781,-2.27374e-13
728,2004-09-28,00:00:00.00,1.1,0,-0.034778,0,0.479124,0,1208.55,9.46492e-20,23.2298,415.404,10,0,0,0,0,1657.63,1627.2,0.775781,-9.09495e-13
729,2004-09-29,00:00:00.00,1.2,0,-0.034778,0,0.479124,0,1209.74,6.40307e-19,23.1959,415.449,10,0,0,0,0,1658.83,1628.4,0.775781,-9.09495e-13
730,2004-09-30,00:00:00.00,6.4,0,-0.034778,0,0.479124,0,1211.32,4.284e-19,25.0293,418.439,10,0,0,0,0,1665.23,1634.8,0.775781,-3.86535e-12
