Datum-Stunde;Lufttemp.+200cm;Lufttemp.+20cm;Bodentemp.-5cm;Bodentemp.-20cm;Luftfeuchtigkeit+200cm;Windgeschw.+250cm;Niederschlag;Globalstrahlg.+200cm
01.01.2009;-3,9;;;1,7;91;;0,0;14;
02.01.2009;-1,7;;;1,5;95;;0,4;19;
03.01.2009;-4,5;;;1,4;80;;0,0;35;
04.01.2009;0,4;;;1,4;93;;2,4;15;
05.01.2009;-3,0;;;1,4;92;;0,8;13;
06.01.2009;-14,7;;;1,4;94;;0,0;23;
07.01.2009;-18,5;;;1,3;94;;0,0;9;
08.01.2009;-5,7;;;1,3;91;;0,0;29;
09.01.2009;-8,2;;;1,2;90;;0,0;42;
10.01.2009;-4,0;;;1,2;85;;0,0;43;
11.01.2009;-4,3;;;1,1;89;;0,0;6;
16.01.2009;0,9;;;0,9;91;;0,0;50;
17.01.2009;-0,4;;;0,9;89;;1,2;38;
18.01.2009;2,3;;;1,0;92;;1,8;41;
19.01.2009;4,1;;;1,0;79;;0,0;51;
20.01.2009;3,5;;;1,0;90;;0,2;26;
21.01.2009;0,1;;;1,0;100;;3,6;18;
22.01.2009;0,9;;;1,1;90;;0,0;66;
23.01.2009;2,1;;;1,1;85;;0,0;36;
24.01.2009;4,8;;;1,2;76;;0,0;50;
25.01.2009;1,4;;;1,3;96;;0,0;33;
26.01.2009;-2,7;;;1,3;100;;0,0;7;
06.02.2009;2,8;;;1,8;88;;0,0;80;
07.02.2009;5,6;;;2,2;86;;0,0;84;
08.02.2009;3,3;;;2,6;82;;0,0;36;
09.02.2009;2,0;;;2,3;73;;0,0;56;
10.02.2009;4,2;;;2,1;78;;1,2;45;
11.02.2009;1,6;;;2,3;87;;1,4;28;
12.02.2009;-0,1;;;2,0;79;;0,0;51;
13.02.2009;-0,4;;;1,8;74;;0,0;81;
14.02.2009;-1,9;;;1,6;87;;0,0;31;
15.02.2009;-0,9;;;1,4;77;;0,0;46;
16.02.2009;1,0;;;1,3;96;;4,2;21;
17.02.2009;-0,6;;;1,3;84;;2,2;91;
18.02.2009;-1,9;;;1,3;86;;0,0;36;
19.02.2009;-1,3;;;1,2;76;;0,0;60;
20.02.2009;1,4;;;1,3;97;;4,4;27;
21.02.2009;0,7;;;1,3;98;;1,6;27;
22.02.2009;2,6;;;1,5;97;;2,0;23;
23.02.2009;3,3;;;1,9;94;;4,2;38;
24.02.2009;1,7;;;2,1;100;;0,0;22;
25.02.2009;4,0;;;2,3;81;;0,0;89;
26.02.2009;5,5;;;3,0;81;;0,4;50;
27.02.2009;6,0;;;3,4;86;;5,2;67;
28.02.2009;6,0;;;4,0;99;;3,2;35;
01.03.2009;7,2;;;4,5;89;;0,0;96;
02.03.2009;5,2;;;5,1;90;;0,0;7;
05.04.2009;13,4;;;10,1;78;;0,0;129;
06.04.2009;12,5;;;10,0;80;;0,0;128;
07.04.2009;15,8;;;10,3;67;;0,0;191;
08.04.2009;12,7;;;10,7;73;;0,0;193;
25.04.2009;14,7;;;12,2;59;;0,0;266;
26.04.2009;17,6;;;12,8;49;;0,0;221;
27.04.2009;19,6;;;13,5;45;;0,0;259;
28.04.2009;19,0;;;14,2;47;;0,0;220;
29.04.2009;14,1;;;13,9;77;;0,0;136;
30.04.2009;15,3;;;13,5;77;;0,0;208;
01.05.2009;17,3;;;14,1;66;;0,0;231;
02.05.2009;14,9;;;14,2;58;;0,0;275;
03.05.2009;16,3;;;14,3;55;;0,0;276;
04.05.2009;11,3;;;14,4;73;;2,2;129;
05.05.2009;10,0;;;13,1;73;;0,0;102;
06.05.2009;12,8;;;12,8;83;;1,8;87;
07.05.2009;16,1;;;13,2;70;;0,0;200;
08.05.2009;17,5;;;13,8;69;;0,0;184;
09.05.2009;16,7;;;14,4;59;;0,0;244;
10.05.2009;16,4;;;14,7;73;;0,4;133;
11.05.2009;11,9;;;14,1;96;;6,2;48;
12.05.2009;10,0;;;13,8;100;;0,0;9;
14.05.2009;13,8;;;14,3;55;;0,0;263;
15.05.2009;15,8;;;14,7;67;;0,0;268;
16.05.2009;15,6;;;15,2;74;;5,6;167;
17.05.2009;18,0;;;15,2;64;;0,0;289;
18.05.2009;19,3;;;16,1;69;;0,0;199;
19.05.2009;19,0;;;16,5;65;;0,2;233;
20.05.2009;19,9;;;16,7;62;;0,0;268;
21.05.2009;20,9;;;17,1;70;;3,8;172;
22.05.2009;15,7;;;16,9;80;;7,2;108;
23.05.2009;15,6;;;16,3;64;;0,0;282;
24.05.2009;20,5;;;16,8;58;;0,0;289;
25.05.2009;21,0;;;17,9;59;;0,0;302;
26.05.2009;21,6;;;18,3;73;;16,8;191;
27.05.2009;15,6;;;18,1;67;;8,8;264;
28.05.2009;14,3;;;17,3;64;;5,4;111;
29.05.2009;11,4;;;15,8;81;;7,4;87;
30.05.2009;11,7;;;15,1;96;;1,8;46;
31.05.2009;14,1;;;14,9;90;;3,4;110;
01.06.2009;17,3;;;15,9;74;;1,4;242;
02.06.2009;19,1;;;17,0;70;;0,0;236;
03.06.2009;13,4;;;17,0;61;;0,0;122;
04.06.2009;12,1;;;15,9;60;;0,0;182;
05.06.2009;11,4;;;15,5;68;;0,2;172;
06.06.2009;11,2;;;15,0;83;;3,6;136;
07.06.2009;15,9;;;15,2;73;;0,0;253;
08.06.2009;17,8;;;16,2;62;;0,0;223;
09.06.2009;17,2;;;16,5;80;;9,2;167;
10.06.2009;18,4;;;16,7;69;;0,0;240;
11.06.2009;12,9;;;17,4;98;;0,0;9;
12.06.2009;13,7;;;16,5;69;;2,4;213;
13.06.2009;16,0;;;16,4;56;;0,0;330;
14.06.2009;18,3;;;17,0;62;;0,0;303;
15.06.2009;19,9;;;18,0;79;;10,8;220;
16.06.2009;15,3;;;18,0;86;;15,0;132;
17.06.2009;16,9;;;17,6;70;;0,0;279;
18.06.2009;20,4;;;18,1;67;;0,0;199;
19.06.2009;19,0;;;18,5;71;;0,0;163;
20.06.2009;17,0;;;18,3;62;;0,0;251;
21.06.2009;14,4;;;18,0;78;;0,0;186;
22.06.2009;14,9;;;17,4;83;;0,4;115;
23.06.2009;16,4;;;17,2;78;;0,4;54;
24.06.2009;16,2;;;16,8;88;;5,0;60;
25.06.2009;17,3;;;17,0;98;;10,8;57;
26.06.2009;17,7;;;17,2;100;;0,0;12;
27.06.2009;18,9;;;17,8;90;;0,2;60;
28.06.2009;20,0;;;18,0;81;;0,0;122;
29.06.2009;21,4;;;18,5;81;;0,0;156;
30.06.2009;17,5;;;19,0;100;;0,0;10;
02.07.2009;20,9;;;19,9;91;;6,6;156;
03.07.2009;23,0;;;20,0;78;;0,0;261;
04.07.2009;22,2;;;20,5;82;;10,4;238;
05.07.2009;22,0;;;20,5;70;;0,0;261;
06.07.2009;21,0;;;20,4;74;;0,0;238;
07.07.2009;20,8;;;20,3;73;;0,2;204;
08.07.2009;18,6;;;20,0;67;;0,8;209;
09.07.2009;17,8;;;19,5;65;;0,2;219;
10.07.2009;15,3;;;18,9;76;;3,2;178;
11.07.2009;15,6;;;18,3;77;;3,6;155;
12.07.2009;18,8;;;18,2;76;;0,6;197;
13.07.2009;18,1;;;18,8;83;;0,0;11;
17.07.2009;22,8;;;20,9;78;;13,8;206;
18.07.2009;17,2;;;20,6;90;;8,0;73;
19.07.2009;18,6;;;19,7;72;;2,8;193;
20.07.2009;19,2;;;19,5;65;;0,0;199;
21.07.2009;20,8;;;19,6;68;;0,0;187;
22.07.2009;23,3;;;20,1;75;;2,2;134;
23.07.2009;19,0;;;20,6;90;;0,0;11;
26.07.2009;18,7;;;19,8;66;;0,0;244;
27.07.2009;21,1;;;19,8;62;;0,0;290;
28.07.2009;19,9;;;20,2;70;;0,2;150;
29.07.2009;20,5;;;19,9;65;;0,0;282;
30.07.2009;21,8;;;20,2;59;;0,0;220;
31.07.2009;19,0;;;20,0;60;;0,0;235;
01.08.2009;20,8;;;20,0;64;;0,0;278;
02.08.2009;23,3;;;20,5;70;;13,4;247;
03.08.2009;19,0;;;20,6;90;;3,0;90;
04.08.2009;19,2;;;20,0;75;;0,0;205;
05.08.2009;19,5;;;19,8;75;;0,0;193;
06.08.2009;21,7;;;20,0;70;;0,0;254;
07.08.2009;22,8;;;20,3;67;;0,0;218;
08.08.2009;22,7;;;20,7;59;;0,0;244;
09.08.2009;21,5;;;20,6;59;;0,0;251;
10.08.2009;21,2;;;20,6;74;;19,2;187;
11.08.2009;20,4;;;20,5;82;;13,8;138;
12.08.2009;20,5;;;20,3;76;;2,6;144;
13.08.2009;19,0;;;20,3;77;;7,6;198;
14.08.2009;18,0;;;20,1;74;;0,0;206;
15.08.2009;21,0;;;20,0;68;;0,0;248;
16.08.2009;24,5;;;20,6;61;;0,0;255;
17.08.2009;23,6;;;21,1;71;;11,8;212;
18.08.2009;20,1;;;21,1;71;;0,0;209;
19.08.2009;20,7;;;20,6;66;;0,0;253;
20.08.2009;23,7;;;20,8;58;;0,0;258;
21.08.2009;20,9;;;20,9;81;;5,2;100;
22.08.2009;18,6;;;20,6;79;;0,0;142;
23.08.2009;17,9;;;20,0;70;;0,0;244;
24.08.2009;18,8;;;19,7;66;;0,0;256;
25.08.2009;22,9;;;19,8;66;;1,6;234;
26.08.2009;20,5;;;20,4;91;;21,8;87;
27.08.2009;22,3;;;20,4;77;;0,2;225;
28.08.2009;23,9;;;20,8;67;;0,0;177;
29.08.2009;18,2;;;20,7;59;;0,0;186;
30.08.2009;16,7;;;19,8;63;;0,0;206;
31.08.2009;18,4;;;19,4;66;;0,0;229;
01.09.2009;22,4;;;19,5;59;;0,0;230;
02.09.2009;22,2;;;20,2;70;;0,0;169;
03.09.2009;20,3;;;20,1;71;;0,6;94;
04.09.2009;17,4;;;19,5;68;;3,2;120;
05.09.2009;15,2;;;18,7;74;;0,6;100;
06.09.2009;15,4;;;18,2;74;;0,0;113;
07.09.2009;16,1;;;17,9;75;;0,0;151;
08.09.2009;18,3;;;18,0;69;;0,0;213;
09.09.2009;18,5;;;18,3;68;;0,0;211;
10.09.2009;18,1;;;18,2;73;;0,0;182;
11.09.2009;17,5;;;18,6;71;;0,0;145;
12.09.2009;15,1;;;18,2;75;;0,0;144;
13.09.2009;13,8;;;17,8;84;;2,8;93;
14.09.2009;14,2;;;17,4;89;;0,0;64;
15.09.2009;17,8;;;17,5;83;;0,2;112;
16.09.2009;18,2;;;17,9;84;;0,0;128;
17.09.2009;17,3;;;18,3;82;;0,0;41;
18.09.2009;16,5;;;18,0;72;;0,0;183;
19.09.2009;17,0;;;17,7;72;;0,0;186;
20.09.2009;18,2;;;17,7;81;;0,0;170;
21.09.2009;17,9;;;18,0;82;;0,0;159;
22.09.2009;18,3;;;18,1;82;;0,0;147;
23.09.2009;18,7;;;18,1;72;;0,0;169;
24.09.2009;16,3;;;18,1;81;;0,0;50;
25.09.2009;13,3;;;17,3;80;;0,0;123;
26.09.2009;12,9;;;16,7;79;;0,0;168;
27.09.2009;14,3;;;16,4;79;;0,0;159;
28.09.2009;15,1;;;16,4;77;;0,0;117;
29.09.2009;15,6;;;16,6;81;;10,0;38;
30.09.2009;11,9;;;16,2;88;;4,2;74;
01.10.2009;14,5;;;16,0;81;;1,4;69;
02.10.2009;10,7;;;15,4;81;;0,4;67;
03.10.2009;13,1;;;15,0;74;;0,0;128;
04.10.2009;14,8;;;15,2;69;;0,0;70;
05.10.2009;12,6;;;15,0;74;;3,0;135;
06.10.2009;14,3;;;15,1;98;;6,4;45;
07.10.2009;20,7;;;15,8;77;;0,0;117;
08.10.2009;17,9;;;16,6;72;;0,0;67;
09.10.2009;7,9;;;16,5;100;;0,0;8;
10.10.2009;9,9;;;14,3;84;;0,4;59;
11.10.2009;11,9;;;14,3;92;;5,0;43;
12.10.2009;9,2;;;14,1;91;;4,4;34;
13.10.2009;6,3;;;13,1;86;;2,4;71;
14.10.2009;4,9;;;12,2;77;;0,0;50;
15.10.2009;4,8;;;11,8;72;;0,0;13;
19.10.2009;6,4;;;10,5;85;;0,0;104;
20.10.2009;4,8;;;10,1;89;;0,0;60;
21.10.2009;7,1;;;10,2;77;;0,0;91;
22.10.2009;8,9;;;10,1;83;;3,8;53;
23.10.2009;7,9;;;10,4;100;;2,0;10;
31.10.2009;1,6;;;9,8;89;;0,0;95;
01.11.2009;1,7;;;8,8;87;;0,0;89;
02.11.2009;4,0;;;8,3;94;;13,6;22;
03.11.2009;4,3;;;8,1;99;;3,0;24;
04.11.2009;6,2;;;8,1;92;;4,8;33;
05.11.2009;8,7;;;8,4;77;;0,0;80;
06.11.2009;5,9;;;8,6;86;;0,0;83;
07.11.2009;3,9;;;8,1;91;;0,0;81;
08.11.2009;4,1;;;7,6;95;;0,0;26;
09.11.2009;5,8;;;7,8;99;;1,4;19;
10.11.2009;6,3;;;8,0;90;;0,0;27;
11.11.2009;7,3;;;8,1;88;;0,0;24;
12.11.2009;8,7;;;8,3;74;;0,0;70;
13.11.2009;9,0;;;8,4;84;;0,0;47;
14.11.2009;11,0;;;8,7;83;;0,2;47;
15.11.2009;9,3;;;8,8;86;;0,0;64;
16.11.2009;8,8;;;8,6;93;;1,6;33;
17.11.2009;11,2;;;8,9;98;;4,2;20;
18.11.2009;11,3;;;9,2;71;;0,2;62;
19.11.2009;10,8;;;9,3;74;;0,0;54;
20.11.2009;8,5;;;8,8;82;;0,0;50;
21.11.2009;9,6;;;8,8;83;;0,0;29;
22.11.2009;10,2;;;8,9;80;;0,0;37;
23.11.2009;10,8;;;8,8;69;;1,4;53;
24.11.2009;12,3;;;9,0;72;;0,6;48;
25.11.2009;12,7;;;9,5;67;;0,0;50;
26.11.2009;9,7;;;9,3;68;;0,0;56;
27.11.2009;9,1;;;8,7;67;;0,0;47;
28.11.2009;8,0;;;8,3;70;;0,0;47;
29.11.2009;9,6;;;8,2;63;;0,0;31;
30.11.2009;8,9;;;8,2;75;;0,0;32;
01.12.2009;5,9;;;8,1;97;;7,4;14;
02.12.2009;5,2;;;8,0;96;;0,0;10;
18.01.2010;3,0;;;2,3;94;;0,0;23;
19.01.2010;1,8;;;2,4;100;;1,2;23;
20.01.2010;0,2;;;2,4;93;;0,8;38;
21.01.2010;-5,5;;;2,2;85;;0,0;21;
22.01.2010;-5,7;;;1,9;81;;0,0;34;
23.01.2010;-6,5;;;1,7;88;;0,0;59;
24.01.2010;-3,9;;;1,4;77;;0,0;53;
25.01.2010;-3,7;;;1,3;74;;0,0;45;
26.01.2010;-8,0;;;1,2;79;;0,0;60;
27.01.2010;-8,7;;;0,9;78;;0,0;50;
28.01.2010;1,1;;;0,8;86;;0,4;38;
29.01.2010;2,2;;;0,8;80;;0,0;43;
30.01.2010;0,2;;;0,8;81;;0,8;62;
31.01.2010;-1,8;;;0,9;79;;0,2;78;
01.02.2010;-0,2;;;0,9;75;;0,0;70;
02.02.2010;0,4;;;0,9;74;;0,2;70;
03.02.2010;2,4;;;0,9;82;;1,6;68;
04.02.2010;0,6;;;0,9;82;;0,0;51;
05.02.2010;2,3;;;0,9;80;;0,0;51;
06.02.2010;2,3;;;0,9;84;;0,0;34;
07.02.2010;-3,2;;;0,9;82;;0,0;40;
08.02.2010;-4,5;;;0,9;77;;0,0;58;
09.02.2010;-5,0;;;0,9;78;;0,0;74;
10.02.2010;-3,0;;;0,8;86;;0,0;41;
11.02.2010;-4,0;;;0,8;91;;1,0;21;
12.02.2010;-1,6;;;0,8;93;;0,0;27;
13.02.2010;-1,9;;;0,8;88;;0,4;25;
14.02.2010;-2,2;;;0,8;80;;0,0;75;
15.02.2010;-2,2;;;0,8;77;;0,0;73;
16.02.2010;-2,2;;;0,8;80;;0,0;44;
17.02.2010;-0,4;;;0,7;81;;0,0;110;
18.02.2010;2,8;;;0,7;85;;0,0;82;
19.02.2010;3,1;;;0,6;90;;0,0;63;
20.02.2010;3,3;;;0,6;77;;0,4;94;
21.02.2010;1,3;;;0,6;84;;0,2;54;
22.02.2010;2,8;;;0,7;77;;0,0;74;
23.02.2010;5,6;;;0,7;83;;0,8;43;
24.02.2010;5,2;;;0,7;95;;1,2;57;
25.02.2010;7,2;;;1,0;80;;0,0;116;
26.02.2010;7,4;;;1,4;79;;0,4;44;
27.02.2010;7,1;;;1,9;65;;0,0;128;
28.02.2010;7,6;;;2,2;60;;0,0;68;
01.03.2010;6,9;;;2,8;66;;0,0;81;
02.03.2010;4,1;;;2,9;69;;0,0;97;
03.03.2010;3,3;;;2,9;71;;0,0;117;
04.03.2010;-1,7;;;3,1;99;;0,0;9;
11.03.2010;0,9;;;1,3;69;;0,0;150;
12.03.2010;1,6;;;1,4;88;;1,0;32;
13.03.2010;3,6;;;1,6;85;;0,0;38;
14.03.2010;4,8;;;2,2;84;;3,6;53;
15.03.2010;2,4;;;2,5;83;;6,4;103;
16.03.2010;2,9;;;2,7;83;;1,0;55;
17.03.2010;6,2;;;3,0;74;;0,0;89;
18.03.2010;8,4;;;3,6;66;;0,0;169;
19.03.2010;5,2;;;4,4;79;;0,0;11;
24.03.2010;10,0;;;6,8;73;;0,0;165;
25.03.2010;6,4;;;7,3;90;;0,0;9;
27.03.2010;10,2;;;8,6;74;;1,6;107;
28.03.2010;10,0;;;8,2;72;;0,4;103;
29.03.2010;11,6;;;8,1;80;;1,6;95;
30.03.2010;14,2;;;8,7;72;;0,0;182;
31.03.2010;9,4;;;9,2;74;;0,0;78;
01.04.2010;8,7;;;8,4;56;;0,0;156;
02.04.2010;8,5;;;8,4;60;;0,0;172;
03.04.2010;8,6;;;8,1;68;;0,0;121;
04.04.2010;10,9;;;8,2;66;;1,0;75;
05.04.2010;8,3;;;8,2;74;;0,0;92;
06.04.2010;7,6;;;8,0;68;;0,0;202;
07.04.2010;9,7;;;8,2;57;;0,0;237;
08.04.2010;12,6;;;8,6;58;;0,0;230;
09.04.2010;11,0;;;9,3;67;;0,0;128;
10.04.2010;7,7;;;9,1;76;;4,8;125;
11.04.2010;5,7;;;8,6;91;;4,2;53;
12.04.2010;9,0;;;8,3;84;;0,0;105;
13.04.2010;11,0;;;8,6;69;;0,0;201;
14.04.2010;7,5;;;8,9;88;;1,4;50;
15.04.2010;7,2;;;8,5;95;;5,4;36;
16.04.2010;7,5;;;8,3;80;;0,0;105;
17.04.2010;8,2;;;8,2;72;;0,0;236;
18.04.2010;11,8;;;8,9;61;;0,0;255;
19.04.2010;12,1;;;9,6;67;;0,0;243;
20.04.2010;12,1;;;10,3;62;;0,0;185;
21.04.2010;7,6;;;10,3;64;;1,8;124;
22.04.2010;6,6;;;9,4;63;;0,0;214;
23.04.2010;8,8;;;9,4;61;;0,0;266;
24.04.2010;12,0;;;10,0;57;;0,0;259;
25.04.2010;14,6;;;10,7;59;;0,0;261;
26.04.2010;13,8;;;11,3;72;;3,2;159;
27.04.2010;13,3;;;11,3;74;;0,2;102;
28.04.2010;14,1;;;11,5;68;;0,0;256;
29.04.2010;18,3;;;12,3;56;;0,0;248;
30.04.2010;20,6;;;13,2;50;;0,0;233;
01.05.2010;15,4;;;13,8;79;;1,2;141;
02.05.2010;12,8;;;13,4;89;;7,2;86;
03.05.2010;13,0;;;13,1;89;;6,2;84;
04.05.2010;11,2;;;12,9;83;;0,0;90;
05.05.2010;10,0;;;12,6;66;;1,8;166;
06.05.2010;9,1;;;12,2;97;;14,2;33;
07.05.2010;11,8;;;11,9;74;;0,0;132;
08.05.2010;12,8;;;12,4;67;;0,0;231;
09.05.2010;13,2;;;12,8;73;;1,8;221;
10.05.2010;13,3;;;13,3;80;;0,0;202;
11.05.2010;13,1;;;13,6;86;;0,8;96;
12.05.2010;15,7;;;13,6;71;;0,0;233;
13.05.2010;11,7;;;13,8;74;;0,0;108;
14.05.2010;9,5;;;13,6;87;;0,0;11;
20.05.2010;13,6;;;12,5;91;;0,2;76;
21.05.2010;16,0;;;13,0;81;;2,8;133;
22.05.2010;18,1;;;13,9;69;;0,0;245;
23.05.2010;18,5;;;14,6;74;;0,0;186;
24.05.2010;16,9;;;15,1;87;;7,4;140;
25.05.2010;14,6;;;15,0;74;;0,0;199;
26.05.2010;13,3;;;14,6;75;;0,2;188;
27.05.2010;13,8;;;14,7;85;;1,0;100;
28.05.2010;15,2;;;14,4;83;;3,6;143;
29.05.2010;15,3;;;14,6;71;;0,0;237;
30.05.2010;15,7;;;14,8;82;;9,2;152;
31.05.2010;11,7;;;14,8;88;;5,6;70;
01.06.2010;11,0;;;14,2;97;;4,6;68;
02.06.2010;11,8;;;13,9;99;;14,0;37;
03.06.2010;13,0;;;13,7;98;;14,4;56;
04.06.2010;16,6;;;13,9;73;;0,0;322;
05.06.2010;19,4;;;14,8;66;;0,0;324;
06.06.2010;22,2;;;15,6;65;;0,0;285;
07.06.2010;21,0;;;16,6;70;;2,2;257;
08.06.2010;19,8;;;16,7;77;;3,4;210;
09.06.2010;23,0;;;17,3;77;;0,4;220;
10.06.2010;24,7;;;17,8;77;;0,0;233;
11.06.2010;25,6;;;18,5;64;;0,0;297;
12.06.2010;19,4;;;18,5;77;;3,0;119;
13.06.2010;17,0;;;17,8;65;;0,0;221;
14.06.2010;16,4;;;17,4;71;;0,0;153;
15.06.2010;18,4;;;17,1;66;;0,0;188;
16.06.2010;17,1;;;17,2;58;;0,0;326;
17.06.2010;17,9;;;17,0;62;;0,0;330;
18.06.2010;18,0;;;17,0;71;;0,0;139;
19.06.2010;14,3;;;16,8;61;;0,0;212;
20.06.2010;14,7;;;16,3;66;;0,0;198;
21.06.2010;15,7;;;16,3;67;;0,0;171;
22.06.2010;18,4;;;16,5;57;;0,0;291;
23.06.2010;18,2;;;16,7;62;;0,0;204;
24.06.2010;20,8;;;17,1;60;;0,0;248;
25.06.2010;21,6;;;17,6;64;;0,0;259;
26.06.2010;21,7;;;18,1;63;;0,0;264;
27.06.2010;20,5;;;18,3;61;;0,0;303;
28.06.2010;21,9;;;18,4;59;;0,0;321;
29.06.2010;23,8;;;19,0;55;;0,0;305;
30.06.2010;23,6;;;19,4;62;;0,0;249;
01.07.2010;16,5;;;19,8;90;;0,0;60;
03.07.2010;25,7;;;20,8;57;;0,0;308;
04.07.2010;26,5;;;21,2;59;;0,0;274;
05.07.2010;25,0;;;21,5;70;;3,6;185;
06.07.2010;18,6;;;21,7;98;;6,4;13;
08.07.2010;22,0;;;20,3;62;;0,0;308;
09.07.2010;25,9;;;21,0;59;;0,0;306;
10.07.2010;28,1;;;21,9;56;;0,0;295;
11.07.2010;28,9;;;22,5;52;;0,0;309;
12.07.2010;29,1;;;22,9;55;;0,0;305;
13.07.2010;26,3;;;23,1;63;;0,0;200;
14.07.2010;27,0;;;23,0;63;;0,0;270;
15.07.2010;24,7;;;23,0;70;;0,4;145;
16.07.2010;19,2;;;22,9;98;;0,0;12;
23.07.2010;19,6;;;22,2;99;;50,2;43;
24.07.2010;17,9;;;20,8;84;;7,4;77;
25.07.2010;16,5;;;20,0;73;;6,8;142;
26.07.2010;19,5;;;20,0;65;;0,0;262;
27.07.2010;20,2;;;20,5;69;;0,0;211;
28.07.2010;20,4;;;20,7;73;;10,2;177;
29.07.2010;18,2;;;20,5;84;;11,2;162;
30.07.2010;19,0;;;20,4;71;;0,0;209;
31.07.2010;20,1;;;20,4;69;;0,0;227;
01.08.2010;23,4;;;20,6;62;;0,0;246;
02.08.2010;22,0;22,1;;21,2;79;;11,4;163;
03.08.2010;18,0;18,4;;21,1;94;;33,2;70;
04.08.2010;19,2;19,8;;20,4;74;;0,0;214;
05.08.2010;20,7;20,6;;20,5;70;;0,0;225;
06.08.2010;18,4;18,5;;20,5;91;;1,8;48;
07.08.2010;17,4;17,6;;20,1;98;;27,0;36;
08.08.2010;21,2;21,4;;19,9;74;;0,0;207;
09.08.2010;20,0;20,1;;20,3;77;;0,0;169;
10.08.2010;21,6;22,3;;20,6;72;;0,0;247;
11.08.2010;21,0;21,1;;21,0;81;;0,2;181;
12.08.2010;20,4;20,6;;20,9;86;;10,0;149;
13.08.2010;19,8;20,1;;20,7;87;;0,2;105;
14.08.2010;17,8;18,3;;20,5;89;;5,6;72;
15.08.2010;20,6;21,4;;20,4;89;;10,6;165;
16.08.2010;20,0;20,9;;20,8;74;;15,8;227;
17.08.2010;17,5;17,5;;20,5;80;;1,6;86;
18.08.2010;19,0;18,9;;19,9;72;;0,2;158;
19.08.2010;18,1;18,0;;20,0;74;;3,2;173;
20.08.2010;19,0;19,1;;19,6;70;;0,0;254;
21.08.2010;22,8;22,4;;20,1;68;;0,0;248;
22.08.2010;24,7;24,2;;20,7;73;;4,6;222;
23.08.2010;23,1;22,7;;21,1;77;;0,2;162;
24.08.2010;22,2;21,7;;21,2;68;;0,6;183;
25.08.2010;18,9;18,5;;20,7;57;;0,0;232;
26.08.2010;19,2;18,5;;20,0;78;;0,4;71;
27.08.2010;19,8;19,9;;20,2;91;;28,6;116;
28.08.2010;15,5;16,0;;19,8;84;;10,2;138;
29.08.2010;14,9;15,3;;19,1;77;;0,8;120;
30.08.2010;12,6;13,7;;18,6;90;;15,2;83;
31.08.2010;13,3;13,4;;17,9;91;;8,4;69;
01.09.2010;12,6;13,0;;17,4;94;;2,0;91;
02.09.2010;14,8;15,1;;17,4;88;;2,0;88;
03.09.2010;14,5;15,6;;17,6;78;;0,0;189;
04.09.2010;12,0;12,6;;17,1;81;;0,0;154;
05.09.2010;11,8;12,4;;16,6;82;;0,0;135;
06.09.2010;11,9;12,2;;16,2;77;;0,0;186;
07.09.2010;13,4;13,5;;15,9;70;;0,0;215;
08.09.2010;17,3;16,8;;16,3;68;;0,0;134;
09.09.2010;16,9;16,8;;16,8;82;;0,4;88;
10.09.2010;17,5;17,1;;17,2;77;;0,0;129;
11.09.2010;16,5;16,6;;17,0;81;;0,0;182;
12.09.2010;17,5;17,0;;17,0;75;;0,0;200;
13.09.2010;14,4;14,0;;17,0;96;;4,0;43;
14.09.2010;13,6;13,4;;16,3;96;;12,6;43;
15.09.2010;16,3;16,0;;16,4;78;;2,0;114;
16.09.2010;16,0;15,8;;16,5;64;;0,0;148;
17.09.2010;13,8;14,0;;16,5;77;;0,6;160;
18.09.2010;11,3;10,7;;15,8;78;;0,0;102;
19.09.2010;10,9;10,8;;15,1;79;;0,0;146;
20.09.2010;12,6;12,2;;14,8;80;;0,0;115;
21.09.2010;14,9;14,3;;14,9;81;;0,0;150;
22.09.2010;14,9;14,5;;15,1;82;;0,0;161;
23.09.2010;15,9;14,7;;15,2;80;;0,0;172;
24.09.2010;17,1;16,0;;15,5;79;;0,0;165;
25.09.2010;13,3;13,3;;15,4;98;;10,2;32;
26.09.2010;10,3;10,6;;14,7;99;;32,2;26;
27.09.2010;10,1;9,9;;13,8;98;;56,0;26;
28.09.2010;11,2;11,1;;13,3;99;;8,2;19;
29.09.2010;9,9;10,2;;13,4;96;;1,2;38;
30.09.2010;9,1;10,1;;13,3;86;;0,2;115;
01.10.2010;10,5;11,1;;12,7;79;;0,0;180;
02.10.2010;11,5;11,1;;12,7;80;;0,0;104;
03.10.2010;12,9;12,4;;13,1;80;;0,0;112;
04.10.2010;13,7;12,8;;13,5;74;;0,0;80;
05.10.2010;14,4;13,9;;13,5;81;;0,0;80;
06.10.2010;14,9;14,8;;13,8;79;;0,0;119;
07.10.2010;14,0;13,3;;14,1;85;;0,0;57;
08.10.2010;14,3;13,1;;13,9;73;;0,0;145;
09.10.2010;12,7;12,5;;13,9;67;;0,0;161;
10.10.2010;8,5;8,3;;13,2;78;;0,0;141;
11.10.2010;7,3;7,5;;12,4;80;;0,0;126;
12.10.2010;5,6;6,6;;12,0;97;;0,0;36;
13.10.2010;7,3;8,3;;11,8;87;;0,0;114;
14.10.2010;7,1;7,5;;11,3;87;;0,0;56;
15.10.2010;9,1;9,1;;11,5;94;;0,6;38;
16.10.2010;9,4;9,7;;11,5;93;;1,2;68;
17.10.2010;8,0;8,2;;11,7;77;;0,0;124;
18.10.2010;3,8;4,6;;10,9;86;;0,0;104;
19.10.2010;5,2;5,2;;10,1;91;;0,2;39;
20.10.2010;7,3;7,2;;10,1;88;;3,2;54;
21.10.2010;6,8;6,6;;10,0;71;;0,0;79;
22.10.2010;7,1;6,4;;9,6;66;;0,0;77;
23.10.2010;7,1;7,0;;9,4;78;;0,0;105;
24.10.2010;10,5;9,8;;9,8;67;;0,0;66;
25.10.2010;4,9;4,6;;9,5;87;;0,0;47;
26.10.2010;5,4;5,2;;9,1;83;;0,0;67;
27.10.2010;6,1;6,2;;8,7;78;;0,0;98;
28.10.2010;9,2;8,7;;9,2;72;;0,0;65;
29.10.2010;8,7;8,3;;9,1;73;;0,0;95;
30.10.2010;9,2;8,9;;9,2;66;;0,0;94;
31.10.2010;9,9;9,4;;9,2;75;;0,0;66;
01.11.2010;11,3;10,5;;9,5;80;;0,0;66;
02.11.2010;8,0;7,8;;9,7;91;;0,0;32;
03.11.2010;10,9;10,4;;9,3;82;;0,0;57;
04.11.2010;16,5;15,6;;10,1;72;;2,0;32;
05.11.2010;16,0;15,2;;10,9;68;;0,0;36;
06.11.2010;12,0;11,6;;11,2;85;;5,6;21;
07.11.2010;6,9;7,2;;10,5;96;;6,6;23;
08.11.2010;3,5;4,1;;9,7;94;;9,0;25;
09.11.2010;5,3;5,4;;9,1;89;;0,0;75;
10.11.2010;4,6;4,8;;8,6;93;;0,0;58;
11.11.2010;7,3;6,9;;8,5;75;;0,0;61;
12.11.2010;11,8;11,0;;8,7;66;;0,2;64;
13.11.2010;16,1;15,3;;9,5;70;;0,0;79;
14.11.2010;14,9;13,3;;10,2;70;;0,0;61;
15.11.2010;11,1;10,8;;10,3;87;;11,0;30;
16.11.2010;6,5;6,6;;9,9;99;;12,0;15;
17.11.2010;5,5;5,9;;9,2;100;;0,0;17;
18.11.2010;6,8;6,9;;9,0;98;;4,0;16;
19.11.2010;7,2;7,0;;8,9;81;;0,0;38;
20.11.2010;6,8;6,6;;8,8;89;;0,0;31;
21.11.2010;4,9;4,6;;8,3;90;;0,0;47;
22.11.2010;6,0;6,2;;8,2;98;;5,8;19;
23.11.2010;3,8;3,8;;7,9;91;;2,8;21;
24.11.2010;1,7;1,8;;7,2;93;;3,8;25;
25.11.2010;1,2;1,4;;6,5;85;;0,0;43;
26.11.2010;1,3;1,6;;6,2;97;;1,4;19;
27.11.2010;-1,7;-1,4;;5,7;89;;0,0;57;
28.11.2010;-1,5;-1,5;;5,1;87;;0,0;47;
29.11.2010;-1,1;-0,1;;4,8;99;;5,6;15;
30.11.2010;-3,9;-1,5;;4,9;86;;0,0;20;
01.12.2010;-8,7;-4,4;;4,6;86;;4,0;20;
02.12.2010;-10,1;-6,2;;4,3;85;;1,0;41;
03.12.2010;-10,4;-8,2;;4,3;91;;0,0;39;
04.12.2010;-11,1;-9,4;;4,2;93;;0,0;49;
05.12.2010;-1,9;-2,1;;4,1;78;;0,4;29;
06.12.2010;-0,6;-0,3;;4,1;91;;0,0;30;
07.12.2010;0,3;0,6;;4,1;97;;1,2;24;
08.12.2010;0,6;0,9;;4,1;99;;12,8;21;
09.12.2010;-0,2;0,4;;3,9;90;;1,2;36;
10.12.2010;-0,3;-0,1;;3,8;83;;0,2;25;
11.12.2010;3,8;2,6;;3,7;92;;3,6;21;
12.12.2010;1,8;1,6;;3,4;95;;4,6;20;
13.12.2010;-3,2;-2,9;;3,2;90;;0,2;16;
14.12.2010;-2,3;-1,5;;3,0;95;;3,2;18;
15.12.2010;-4,1;0,0;;3,1;94;;3,6;18;
16.12.2010;-6,4;-0,2;;3,1;83;;0,0;36;
17.12.2010;-4,7;0,1;;3,0;88;;0,2;25;
18.12.2010;-8,2;-0,8;;3,0;94;;0,0;30;
19.12.2010;-5,5;-0,8;;2,9;90;;0,2;22;
20.12.2010;0,8;-0,2;;2,9;77;;0,4;30;
21.12.2010;-0,9;-1,1;;2,9;93;;0,4;21;
22.12.2010;2,9;1,7;;2,9;89;;0,0;28;
23.12.2010;3,6;2,6;;2,8;92;;0,0;31;
24.12.2010;0,5;0,6;;2,8;100;;6,6;13;
25.12.2010;-3,6;-0,5;;2,7;95;;5,0;14;
26.12.2010;-5,4;-1,0;;2,7;86;;0,0;15;
27.12.2010;-2,0;-1,0;;2,7;87;;0,2;23;
28.12.2010;-3,6;0,5;;2,6;93;;2,0;14;
29.12.2010;-10,7;-0,3;;2,5;93;;0,0;26;
30.12.2010;-12,4;-1,6;;2,3;91;;0,0;28;
31.12.2010;-2,8;-1,0;;2,3;93;;0,4;14;
01.01.2011;2,2;1,0;;2,3;85;;0,0;24;
02.01.2011;1,7;1,1;;2,3;84;;0,0;25;
03.01.2011;0,6;0,2;;2,4;85;;0,0;36;
04.01.2011;-2,7;-3,0;;2,4;87;;0,0;38;
05.01.2011;-5,0;-5,0;;2,2;85;;0,0;31;
06.01.2011;-0,9;-1,6;;2,0;81;;0,2;18;
07.01.2011;5,1;3,0;;2,0;95;;2,2;21;
08.01.2011;6,0;4,3;;2,1;92;;0,0;29;
09.01.2011;7,1;5,8;;2,5;87;;0,8;28;
10.01.2011;1,6;1,3;;2,8;94;;0,0;43;
11.01.2011;2,1;1,9;;2,5;94;;0,0;38;
12.01.2011;5,3;4,6;;2,6;82;;0,6;35;
13.01.2011;7,0;6,4;;3,1;99;;8,0;18;
14.01.2011;11,9;11,0;;4,2;85;;5,8;29;
15.01.2011;9,7;8,9;;5,1;79;;1,4;41;
16.01.2011;6,6;5,6;;5,0;86;;0,0;49;
17.01.2011;2,8;2,5;;4,3;94;;0,0;56;
18.01.2011;5,9;5,2;;3,9;88;;0,0;36;
19.01.2011;2,8;2,8;;4,1;97;;7,2;23;
20.01.2011;1,4;1,5;;3,7;96;;0,6;27;
21.01.2011;0,0;0,1;;3,3;88;;0,0;18;
22.01.2011;-0,3;-0,2;;2,9;83;;0,0;43;
23.01.2011;0,4;0,4;;2,6;92;;0,8;21;
24.01.2011;0,8;0,8;;2,5;98;;2,2;25;
25.01.2011;2,8;2,5;;2,6;91;;0,6;28;
26.01.2011;2,0;1,9;;2,7;93;;0,4;28;
27.01.2011;-0,4;-0,2;;2,7;94;;0,4;19;
28.01.2011;-0,5;-0,7;;2,4;86;;0,0;69;
29.01.2011;-1,9;-2,2;;2,1;82;;0,0;81;
30.01.2011;-4,6;-4,2;;1,7;88;;0,0;80;
31.01.2011;-6,1;-5,2;;1,4;89;;0,0;70;
01.02.2011;-5,8;-5,0;;1,2;88;;0,0;74;
02.02.2011;-1,7;-1,8;;1,0;90;;0,0;31;
03.02.2011;0,3;-0,1;;1,0;93;;2,0;20;
04.02.2011;5,0;3,9;;0,9;78;;0,0;28;
05.02.2011;10,0;8,9;;1,1;68;;0,0;49;
06.02.2011;10,5;9,5;;2,0;70;;0,0;80;
07.02.2011;7,2;6,1;;2,9;71;;0,0;67;
08.02.2011;7,7;6,7;;3,1;65;;0,0;72;
09.02.2011;1,3;1,1;;2,8;83;;0,0;92;
10.02.2011;3,0;2,4;;2,3;78;;0,0;72;
11.02.2011;8,2;7,6;;2,8;88;;5,2;28;
12.02.2011;1,3;1,5;;3,3;68;;0,0;82;
13.02.2011;1,0;0,9;;2,7;77;;1,4;28;
14.02.2011;1,9;1,7;;2,4;79;;0,0;55;
15.02.2011;2,4;2,2;;2,5;66;;0,0;92;
16.02.2011;1,1;1,2;;2,3;70;;0,0;77;
17.02.2011;1,9;1,8;;2,2;86;;0,2;24;
18.02.2011;-0,3;-0,1;;2,3;96;;0,0;18;
19.02.2011;-1,3;-1,0;;2,1;87;;0,0;27;
20.02.2011;-4,8;-4,2;;1,8;75;;0,0;79;
21.02.2011;-7,2;-6,3;;1,5;74;;0,0;112;
22.02.2011;-8,0;-7,0;;1,2;75;;0,0;116;
23.02.2011;-8,7;-7,3;;1,0;78;;0,0;120;
24.02.2011;-4,4;-4,0;;0,8;71;;0,0;93;
25.02.2011;-3,3;-2,9;;0,7;73;;0,0;130;
26.02.2011;-0,6;-0,7;;0,6;67;;0,0;128;
27.02.2011;2,4;2,1;;0,6;69;;0,0;82;
28.02.2011;3,9;3,0;;0,7;79;;0,0;112;
01.03.2011;1,9;1,4;;0,7;79;;0,0;121;
02.03.2011;0,9;0,7;;0,8;68;;0,0;139;
03.03.2011;1,2;1,0;;0,9;71;;0,0;117;
04.03.2011;1,7;1,5;;1,0;81;;0,0;140;
05.03.2011;1,8;1,8;;1,1;81;;0,0;127;
06.03.2011;2,1;1,9;;1,4;66;;0,0;123;
07.03.2011;-0,3;-0,1;;1,4;58;;0,0;159;
08.03.2011;3,0;2,7;;1,3;41;;0,0;160;
09.03.2011;8,0;7,6;;1,7;49;;0,0;141;
10.03.2011;8,4;7,9;;2,7;69;;1,2;83;
11.03.2011;7,9;7,3;;3,4;78;;1,0;37;
12.03.2011;7,2;6,3;;3,6;75;;0,0;134;
13.03.2011;9,4;8,3;;4,0;66;;0,0;122;
14.03.2011;10,9;10,3;;4,9;76;;0,0;101;
15.03.2011;10,4;10,3;;5,8;83;;0,0;126;
16.03.2011;8,7;8,6;;6,2;88;;0,6;49;
17.03.2011;8,1;7,9;;6,2;95;;6,2;25;
18.03.2011;4,2;4,3;;5,7;97;;10,0;20;
19.03.2011;5,4;5,3;;5,4;77;;0,0;115;
20.03.2011;3,7;3,7;;5,2;78;;0,0;113;
21.03.2011;5,1;5,2;;5,0;73;;0,0;188;
22.03.2011;7,3;7,0;;5,4;70;;0,0;182;
23.03.2011;8,6;8,4;;6,1;71;;0,0;185;
24.03.2011;8,8;8,4;;6,3;73;;0,0;173;
25.03.2011;9,7;9,4;;6,6;72;;0,0;95;
26.03.2011;6,0;5,9;;6,8;79;;1,2;58;
27.03.2011;4,0;4,5;;6,2;80;;0,0;155;
28.03.2011;6,7;6,7;;6,3;68;;0,0;199;
29.03.2011;7,3;7,3;;6,6;71;;0,0;204;
30.03.2011;10,6;9,8;;7,0;63;;0,0;178;
31.03.2011;13,0;12,0;;7,5;69;;0,0;95;
01.04.2011;16,4;15,9;;8,4;62;;0,0;155;
02.04.2011;16,9;16,2;;9,4;69;;0,0;172;
03.04.2011;18,0;17,0;;10,1;62;;0,0;200;
04.04.2011;11,6;11,5;;10,4;90;;11,2;65;
05.04.2011;12,5;12,2;;10,0;67;;0,0;165;
06.04.2011;15,4;14,7;;10,3;68;;0,0;106;
07.04.2011;17,5;16,8;;11,0;65;;0,0;174;
08.04.2011;11,9;11,7;;10,8;58;;0,0;120;
09.04.2011;10,6;10,7;;10,5;64;;0,0;166;
10.04.2011;10,9;10,6;;10,2;64;;0,0;230;
11.04.2011;13,0;12,3;;10,3;67;;0,0;182;
12.04.2011;11,6;10,8;;10,5;59;;0,2;119;
13.04.2011;6,0;6,0;;9,7;87;;14,4;42;
14.04.2011;6,5;6,8;;8,8;93;;3,2;50;
15.04.2011;8,7;9,0;;9,0;78;;0,2;93;
16.04.2011;10,5;11,2;;9,5;71;;0,0;169;
17.04.2011;10,9;10,9;;10,1;68;;0,0;139;
18.04.2011;10,8;11,0;;10,2;68;;0,0;222;
19.04.2011;13,0;12,9;;10,5;66;;0,0;247;
20.04.2011;14,8;14,5;;11,1;67;;0,0;247;
21.04.2011;15,2;14,9;;11,6;63;;0,0;245;
22.04.2011;16,6;16,1;;12,0;62;;0,0;252;
23.04.2011;16,9;16,1;;12,4;59;;0,0;245;
24.04.2011;15,5;14,9;;12,6;51;;0,0;261;
25.04.2011;10,9;10,7;;12,3;77;;0,0;115;
26.04.2011;11,5;11,8;;11,9;87;;1,0;96;
27.04.2011;12,4;12,7;;11,7;89;;0,4;115;
28.04.2011;14,8;14,7;;12,2;78;;0,2;179;
29.04.2011;14,9;14,6;;12,5;72;;0,0;189;
30.04.2011;14,9;14,6;;12,6;65;;0,0;222;
01.05.2011;13,1;13,9;;12,9;47;;0,0;289;
02.05.2011;7,8;8,4;;12,4;82;;2,0;105;
03.05.2011;5,1;6,4;;11,5;84;;3,8;119;
04.05.2011;7,3;8,7;;10,9;70;;0,0;201;
05.05.2011;8,3;9,9;;10,9;65;;0,0;271;
06.05.2011;12,3;12,6;;11,1;58;;0,0;288;
07.05.2011;15,2;14,8;;11,7;54;;0,0;290;
08.05.2011;13,6;13,9;;12,1;69;;0,0;282;
09.05.2011;16,0;16,1;;12,6;61;;0,0;295;
10.05.2011;17,7;17,8;;13,1;60;;0,0;291;
11.05.2011;20,0;19,2;;13,6;59;;0,0;225;
12.05.2011;17,5;17,7;;14,2;76;;3,0;177;
13.05.2011;14,7;15,3;;14,2;66;;0,4;226;
14.05.2011;15,2;16,0;;14,2;70;;3,6;236;
15.05.2011;11,7;12,2;;14,3;82;;7,4;135;
16.05.2011;12,7;13,0;;13,7;72;;0,2;136;
17.05.2011;16,8;17,0;;14,0;66;;0,0;166;
18.05.2011;18,9;19,2;;14,9;65;;0,0;284;
19.05.2011;19,5;20,0;;15,8;71;;0,6;253;
20.05.2011;18,2;18,8;;16,3;77;;0,4;217;
21.05.2011;18,1;19,1;;16,5;79;;10,8;222;
22.05.2011;20,5;20,9;;16,9;68;;0,0;264;
23.05.2011;18,5;19,5;;17,5;58;;0,0;281;
24.05.2011;19,0;20,0;;17,5;58;;0,0;283;
25.05.2011;15,1;16,5;;17,4;49;;0,0;316;
26.05.2011;18,6;19,2;;17,1;61;;5,0;301;
27.05.2011;17,7;18,1;;17,6;59;;0,0;204;
28.05.2011;15,4;16,4;;17,2;60;;0,0;226;
29.05.2011;18,9;19,6;;17,0;55;;0,0;292;
30.05.2011;22,1;22,4;;17,7;55;;0,0;314;
31.05.2011;23,5;24,3;;18,6;58;;6,6;296;
01.06.2011;14,9;15,3;;18,5;87;;12,8;61;
02.06.2011;18,3;18,6;;17,5;48;;0,0;217;
03.06.2011;19,8;20,4;;17,8;56;;0,0;307;
04.06.2011;22,2;23,0;;18,6;66;;0,0;291;
05.06.2011;24,4;24,6;;19,5;62;;0,0;307;
06.06.2011;22,7;23,5;;20,1;70;;0,4;254;
07.06.2011;21,0;21,5;;20,0;78;;2,6;192;
08.06.2011;21,1;22,1;;19,9;78;;9,4;217;
09.06.2011;17,8;18,5;;19,6;58;;0,0;245;
10.06.2011;18,1;19,7;;19,0;60;;0,0;274;
11.06.2011;19,9;21,8;;19,4;64;;1,2;244;
12.06.2011;19,1;20,3;;19,5;63;;0,0;266;
13.06.2011;18,6;19,6;;19,3;68;;0,0;177;
14.06.2011;19,9;21,0;;19,1;71;;0,2;202;
15.06.2011;21,2;22,5;;19,3;68;;0,0;257;
16.06.2011;22,8;24,2;;19,9;70;;8,0;232;
17.06.2011;20,3;22,1;;20,2;58;;2,4;327;
18.06.2011;18,5;18,6;;20,0;68;;1,4;114;
19.06.2011;16,1;17,3;;19,0;65;;2,8;241;
20.06.2011;16,8;17,6;;18,7;66;;0,0;171;
21.06.2011;17,7;18,3;;18,5;87;;4,8;136;
22.06.2011;21,2;21,6;;18,9;79;;1,0;210;
23.06.2011;19,7;20,7;;19,5;62;;3,0;200;
24.06.2011;15,6;17,2;;19,1;74;;4,4;242;
25.06.2011;16,2;17,6;;18,6;63;;0,0;215;
26.06.2011;17,1;17,7;;18,5;87;;2,4;97;
27.06.2011;20,9;22,4;;18,8;69;;0,0;299;
28.06.2011;21,5;22,6;;19,6;61;;0,0;324;
29.06.2011;22,4;23,8;;19,9;54;;0,0;331;
30.06.2011;16,3;16,5;;19,8;81;;0,0;63;
01.07.2011;15,1;16,2;;18,4;67;;0,0;164;
02.07.2011;13,7;14,4;;18,0;74;;0,8;101;
03.07.2011;13,0;13,4;;17,1;96;;26,8;35;
04.07.2011;15,1;15,6;;16,7;96;;12,6;54;
05.07.2011;18,8;19,6;;17,3;83;;0,4;174;
06.07.2011;21,3;22,6;;18,3;71;;2,4;278;
07.07.2011;23,2;24,1;;19,6;67;;0,4;287;
08.07.2011;20,8;21,8;;20,3;74;;6,6;219;
09.07.2011;22,7;22,8;;20,3;69;;0,0;231;
10.07.2011;24,1;25,1;;20,8;66;;5,8;276;
11.07.2011;19,7;20,7;;21,2;81;;3,4;192;
12.07.2011;21,5;22,6;;20,9;65;;0,0;298;
13.07.2011;23,5;23,3;;21,0;68;;0,4;155;
14.07.2011;20,0;21,0;;21,1;65;;0,0;202;
15.07.2011;19,3;19,8;;20,6;55;;0,0;256;
16.07.2011;21,3;22,0;;20,6;54;;0,0;280;
17.07.2011;21,3;21,5;;20,7;63;;7,4;166;
18.07.2011;17,3;18,5;;20,4;79;;4,0;213;
19.07.2011;19,8;20,4;;20,1;65;;0,0;280;
20.07.2011;17,3;17,3;;20,1;87;;31,4;43;
21.07.2011;16,8;16,8;;19,1;84;;3,6;72;
22.07.2011;15,8;15,7;;18,6;70;;1,0;74;
23.07.2011;16,3;16,7;;18,1;58;;0,0;194;
24.07.2011;16,9;17,5;;18,2;60;;0,0;218;
25.07.2011;16,4;17,2;;18,3;67;;0,0;206;
26.07.2011;18,3;19,3;;18,5;68;;0,0;261;
27.07.2011;20,6;21,1;;19,5;67;;0,0;218;
28.07.2011;19,1;19,8;;19,7;73;;0,0;180;
29.07.2011;17,3;17,7;;19,7;80;;3,4;113;
30.07.2011;14,2;14,5;;18,7;96;;53,4;36;
31.07.2011;14,2;14,6;;17,6;95;;15,8;54;
01.08.2011;17,0;17,3;;17,7;91;;0,8;87;
02.08.2011;20,0;20,2;;18,3;79;;0,0;183;
03.08.2011;21,8;22,0;;19,0;69;;0,0;281;
04.08.2011;19,6;20,2;;19,8;94;;26,2;114;
05.08.2011;20,3;20,7;;19,9;89;;5,2;160;
06.08.2011;22,7;22,7;;20,2;80;;0,6;193;
07.08.2011;20,0;20,1;;20,6;85;;2,2;87;
08.08.2011;18,7;19,1;;20,1;70;;1,0;194;
09.08.2011;17,5;17,3;;19,6;62;;0,2;158;
10.08.2011;15,7;16,1;;19,1;67;;1,2;167;
11.08.2011;20,5;19,8;;18,9;56;;0,2;155;
12.08.2011;19,9;20,0;;19,2;69;;0,6;153;
13.08.2011;19,0;19,8;;19,4;89;;8,0;136;
14.08.2011;21,4;21,7;;19,8;82;;4,0;165;
15.08.2011;18,3;18,8;;20,1;92;;2,0;85;
16.08.2011;18,6;19,9;;19,7;83;;0,0;160;
17.08.2011;20,7;21,4;;20,0;74;;0,0;218;
18.08.2011;23,5;23,7;;20,3;69;;0,0;239;
19.08.2011;20,9;20,7;;20,8;80;;11,0;129;
20.08.2011;18,7;20,0;;20,3;70;;0,0;253;
21.08.2011;21,8;21,9;;20,1;74;;0,0;187;
22.08.2011;23,6;23,9;;20,8;76;;0,0;212;
23.08.2011;23,7;23,6;;21,1;75;;0,0;226;
24.08.2011;25,8;25,3;;21,5;69;;2,6;218;
25.08.2011;24,0;24,8;;21,9;76;;0,0;224;
26.08.2011;26,0;25,2;;22,1;73;;0,0;237;
27.08.2011;17,6;17,6;;21,9;85;;5,4;40;
28.08.2011;16,6;17,8;;20,3;74;;0,2;167;
29.08.2011;17,5;18,2;;19,9;66;;0,0;175;
30.08.2011;15,3;16,6;;19,6;63;;0,0;178;
31.08.2011;14,3;15,3;;18,8;71;;0,0;167;
01.09.2011;15,8;17,0;;18,3;73;;0,0;203;
02.09.2011;17,5;18,5;;18,4;73;;0,0;221;
03.09.2011;21,2;21,3;;18,7;69;;0,0;219;
04.09.2011;22,8;22,3;;19,3;69;;0,0;199;
05.09.2011;18,6;19,3;;19,8;95;;12,8;54;
06.09.2011;18,0;18,6;;19,1;67;;0,0;205;
07.09.2011;17,6;17,1;;19,0;64;;0,0;110;
08.09.2011;14,8;14,6;;18,5;78;;2,6;52;
09.09.2011;17,2;17,6;;18,1;77;;0,0;112;
10.09.2011;20,9;21,0;;18,6;79;;0,0;148;
11.09.2011;23,0;22,9;;19,2;77;;7,0;192;
12.09.2011;19,5;19,5;;19,5;72;;0,0;181;
13.09.2011;19,9;18,9;;19,1;73;;0,4;105;
14.09.2011;17,3;17,5;;19,0;64;;0,0;189;
15.09.2011;14,3;14,7;;18,2;72;;0,0;176;
16.09.2011;13,6;14,7;;17,5;77;;0,0;183;
17.09.2011;17,5;17,3;;17,3;76;;5,6;102;
18.09.2011;15,0;15,4;;17,7;95;;25,4;40;
19.09.2011;12,7;13,4;;17,1;90;;0,2;73;
20.09.2011;13,8;14,3;;16,8;85;;0,0;110;
21.09.2011;15,1;15,9;;16,6;81;;0,0;144;
22.09.2011;16,3;16,3;;17,0;76;;0,0;105;
23.09.2011;13,7;14,2;;17,0;80;;0,0;118;
24.09.2011;13,1;13,9;;16,3;78;;0,0;173;
25.09.2011;15,2;15,5;;16,1;79;;0,0;162;
26.09.2011;16,8;17,2;;16,3;83;;0,0;158;
27.09.2011;17,6;17,9;;16,7;85;;0,0;130;
28.09.2011;16,7;17,0;;17,2;85;;0,0;131;
29.09.2011;15,6;16,4;;16,9;79;;0,0;151;
30.09.2011;16,5;16,8;;16,6;77;;0,0;159;
01.10.2011;17,0;17,2;;16,5;77;;0,0;157;
02.10.2011;16,1;16,5;;16,4;77;;0,0;153;
03.10.2011;17,0;17,3;;16,3;80;;0,0;149;
04.10.2011;19,8;19,6;;16,8;71;;0,0;139;
05.10.2011;18,1;17,6;;17,0;70;;0,0;49;
06.10.2011;17,9;18,4;;17,0;67;;4,4;131;
07.10.2011;10,8;11,4;;16,4;77;;1,6;103;
08.10.2011;9,4;9,7;;15,4;80;;2,8;80;
09.10.2011;7,6;8,1;;14,6;83;;1,2;67;
10.10.2011;12,1;12,0;;14,0;92;;8,2;27;
11.10.2011;16,5;15,9;;14,7;79;;4,0;39;
12.10.2011;11,2;11,4;;14,8;85;;7,4;77;
13.10.2011;10,1;10,4;;14,2;77;;0,0;110;
14.10.2011;5,7;7,0;;13,4;83;;0,0;101;
15.10.2011;5,0;6,1;;12,3;81;;0,0;133;
16.10.2011;7,1;7,2;;11,7;72;;0,0;128;
17.10.2011;7,7;7,7;;11,5;67;;0,0;126;
18.10.2011;10,4;10,3;;11,4;75;;2,0;110;
19.10.2011;8,8;8,7;;11,9;77;;0,0;53;
20.10.2011;7,3;7,6;;11,7;79;;0,4;102;
21.10.2011;4,1;4,6;;11,0;88;;0,0;95;
22.10.2011;3,5;4,0;;10,4;87;;0,0;116;
23.10.2011;5,7;5,8;;9,8;80;;0,0;109;
24.10.2011;11,3;10,9;;10,3;74;;0,0;71;
25.10.2011;10,2;10,0;;10,6;78;;0,0;37;
26.10.2011;12,3;12,2;;11,0;85;;0,0;40;
27.10.2011;11,6;11,5;;11,4;81;;0,0;33;
28.10.2011;11,1;11,0;;11,6;80;;0,0;69;
29.10.2011;9,1;9,1;;11,3;90;;0,0;84;
30.10.2011;11,0;11,1;;11,3;84;;0,2;72;
31.10.2011;12,0;12,2;;11,7;85;;0,0;85;
01.11.2011;9,7;9,4;;11,7;83;;0,0;88;
02.11.2011;7,7;7,5;;10,9;87;;0,0;88;
03.11.2011;8,4;8,3;;10,5;79;;0,0;88;
04.11.2011;9,1;9,0;;10,4;77;;0,0;64;
05.11.2011;10,1;9,6;;10,2;81;;0,0;80;
06.11.2011;13,1;11,9;;10,5;69;;0,0;75;
07.11.2011;12,2;11,1;;10,6;61;;0,0;75;
08.11.2011;9,6;8,9;;10,4;78;;0,0;72;
09.11.2011;7,5;7,3;;10,0;86;;0,0;76;
10.11.2011;5,7;5,9;;9,9;87;;0,0;23;
11.11.2011;1,4;1,2;;8,9;85;;0,0;50;
12.11.2011;3,3;2,6;;8,1;76;;0,0;76;
13.11.2011;2,7;1,9;;7,5;82;;0,0;76;
14.11.2011;1,8;1,0;;7,0;86;;0,0;65;
15.11.2011;-0,9;-0,4;;6,5;95;;0,0;24;
16.11.2011;1,1;1,3;;6,4;86;;0,0;47;
17.11.2011;0,3;0,3;;6,2;85;;0,0;60;
18.11.2011;3,5;3,5;;6,1;89;;0,0;31;
19.11.2011;6,4;6,3;;6,6;86;;0,0;35;
20.11.2011;5,8;5,5;;7,1;81;;0,0;44;
21.11.2011;4,8;4,5;;6,9;82;;0,0;41;
22.11.2011;4,0;3,8;;6,8;83;;0,0;56;
23.11.2011;1,9;2,0;;6,4;87;;0,0;56;
24.11.2011;1,7;1,7;;6,0;90;;0,0;41;
25.11.2011;2,5;2,4;;5,8;85;;0,0;57;
26.11.2011;7,1;6,6;;6,0;73;;0,0;46;
27.11.2011;9,0;8,4;;6,4;66;;0,0;54;
28.11.2011;5,8;4,8;;6,7;77;;0,0;44;
29.11.2011;2,5;1,7;;5,9;83;;0,0;56;
30.11.2011;3,0;2,8;;5,6;88;;0,0;30;
01.12.2011;5,1;4,9;;5,5;85;;0,0;35;
02.12.2011;7,3;7,0;;6,1;81;;2,2;32;
03.12.2011;6,1;5,3;;6,1;78;;0,2;48;
04.12.2011;8,9;7,9;;6,4;76;;2,4;19;
05.12.2011;5,4;5,1;;6,6;77;;8,6;42;
06.12.2011;4,5;4,0;;6,0;69;;0,0;47;
07.12.2011;4,5;3,9;;5,6;77;;1,2;21;
08.12.2011;5,7;5,2;;5,6;73;;3,8;29;
09.12.2011;6,7;5,8;;5,8;73;;2,4;29;
10.12.2011;4,4;3,9;;5,5;67;;0,0;43;
11.12.2011;1,6;1,1;;5,0;73;;0,0;44;
12.12.2011;4,8;4,4;;4,5;78;;0,0;35;
13.12.2011;5,8;4,8;;4,7;72;;0,0;16;
14.12.2011;8,2;7,0;;5,0;71;;0,4;32;
15.12.2011;4,8;3,6;;5,2;71;;0,0;29;
16.12.2011;4,8;4,1;;4,7;78;;2,6;16;
17.12.2011;4,4;4,1;;4,8;79;;0,2;22;
18.12.2011;3,5;3,1;;4,8;75;;0,0;31;
19.12.2011;2,8;2,9;;4,6;69;;0,0;44;
20.12.2011;1,2;1,0;;4,3;71;;0,0;39;
21.12.2011;3,7;3,5;;4,2;86;;2,0;24;
22.12.2011;4,3;4,2;;4,5;86;;0,0;29;
23.12.2011;7,2;6,9;;4,9;92;;1,0;19;
24.12.2011;6,6;6,2;;5,4;79;;5,6;22;
25.12.2011;5,7;5,3;;5,3;78;;0,0;21;
26.12.2011;9,2;8,7;;5,5;78;;0,0;19;
27.12.2011;8,9;8,5;;6,1;82;;0,0;18;
28.12.2011;5,9;5,6;;6,3;82;;0,0;43;
29.12.2011;6,1;5,6;;5,8;67;;0,0;36;
30.12.2011;3,9;3,5;;5,5;82;;2,6;21;
31.12.2011;3,9;3,6;;5,2;77;;0,2;39;
01.01.2012;5,8;5,7;;5,2;94;;0,0;20;
02.01.2012;10,0;8,9;;5,7;83;;1,2;19;
03.01.2012;7,4;6,6;;5,9;67;;0,0;45;
04.01.2012;7,7;6,9;;5,9;63;;0,2;35;
05.01.2012;5,9;5,3;;5,6;75;;3,4;20;
06.01.2012;3,6;3,4;;5,4;76;;4,8;20;
07.01.2012;4,8;4,5;;5,1;81;;3,2;19;
08.01.2012;5,0;4,8;;5,3;85;;4,0;22;
09.01.2012;4,5;4,5;;5,4;89;;2,2;24;
10.01.2012;6,2;5,9;;5,5;78;;0,4;30;
11.01.2012;7,7;7,4;;5,6;76;;0,0;31;
12.01.2012;8,5;8,1;;6,0;73;;2,8;37;
13.01.2012;3,7;3,6;;5,8;79;;1,2;29;
14.01.2012;2,8;2,9;;5,2;73;;0,0;33;
15.01.2012;0,4;0,8;;4,7;79;;0,0;39;
16.01.2012;-0,1;0,2;;4,2;89;;1,2;27;
17.01.2012;2,2;2,2;;4,0;90;;1,4;18;
18.01.2012;3,2;2,5;;4,0;64;;0,0;59;
19.01.2012;5,3;5,0;;3,9;84;;5,0;19;
20.01.2012;3,3;3,0;;4,2;82;;4,2;29;
21.01.2012;4,0;3,7;;4,0;80;;1,0;21;
22.01.2012;5,6;5,4;;4,3;75;;8,2;43;
23.01.2012;4,1;4,1;;4,5;83;;2,2;48;
24.01.2012;2,8;3,0;;4,5;89;;0,6;26;
25.01.2012;0,9;1,4;;4,4;85;;0,0;51;
26.01.2012;-1,8;-1,8;;3,8;76;;0,0;76;
27.01.2012;-1,4;-1,3;;3,0;73;;0,0;51;
28.01.2012;-0,8;-0,6;;2,6;74;;0,0;41;
29.01.2012;-2,8;-2,6;;2,4;77;;0,0;56;
30.01.2012;-4,0;-3,8;;2,1;65;;0,0;76;
31.01.2012;-6,9;-6,3;;1,8;69;;0,0;77;
01.02.2012;-8,9;-8,2;;1,5;66;;0,0;79;
02.02.2012;-11,2;-10,1;;1,2;67;;0,0;83;
03.02.2012;-11,0;-9,4;;0,8;75;;0,0;79;
04.02.2012;-9,0;-8,0;;0,6;78;;0,0;47;
05.02.2012;-11,8;-10,6;;0,4;78;;0,0;72;
06.02.2012;-13,4;-11,9;;0,1;71;;0,0;88;
07.02.2012;-11,0;-9,9;;0,0;74;;0,0;43;
08.02.2012;-7,2;-6,8;;-0,1;73;;0,0;77;
09.02.2012;-6,5;-6,0;;-0,1;80;;1,2;27;
10.02.2012;-10,3;-9,3;;-0,1;76;;0,0;65;
11.02.2012;-13,5;-12,9;;-0,1;80;;0,0;78;
12.02.2012;-12,7;-11,7;;-0,3;73;;0,0;100;
13.02.2012;-3,2;-3,0;;-0,2;85;;0,0;29;
14.02.2012;-3,1;-3,3;;-0,1;83;;0,0;65;
15.02.2012;2,7;2,3;;-0,1;73;;1,8;45;
16.02.2012;1,3;1,4;;0,0;70;;0,0;73;
17.02.2012;4,3;3,7;;0,0;88;;2,4;26;
18.02.2012;5,6;4,8;;0,0;79;;0,0;74;
19.02.2012;4,6;4,1;;0,0;78;;1,2;51;
20.02.2012;1,7;1,6;;0,0;73;;0,0;87;
21.02.2012;1,5;1,2;;0,1;78;;0,6;59;
22.02.2012;6,1;5,6;;0,1;77;;0,0;93;
23.02.2012;7,4;6,5;;0,2;73;;0,0;29;
24.02.2012;10,2;9,7;;0,5;80;;0,2;44;
25.02.2012;7,3;7,2;;1,2;68;;0,0;91;
26.02.2012;4,1;3,7;;1,6;72;;2,2;61;
27.02.2012;1,9;2,2;;1,4;75;;0,4;108;
28.02.2012;7,2;6,7;;1,8;88;;3,4;24;
29.02.2012;10,1;9,9;;3,1;94;;2,2;36;
01.03.2012;10,4;9,9;;4,2;92;;0,2;32;
02.03.2012;8,6;8,6;;4,7;79;;0,0;56;
03.03.2012;4,8;4,6;;4,7;68;;0,0;129;
04.03.2012;5,2;4,9;;4,4;57;;0,0;66;
05.03.2012;4,6;4,4;;4,1;52;;0,0;147;
06.03.2012;1,7;2,1;;3,8;63;;0,0;146;
07.03.2012;3,1;3,3;;3,5;54;;0,0;135;
08.03.2012;4,0;3,9;;3,6;79;;3,8;32;
09.03.2012;4,7;4,8;;3,7;74;;0,0;138;
10.03.2012;7,7;7,4;;4,0;71;;0,2;66;
11.03.2012;8,1;8,1;;4,7;79;;0,6;54;
12.03.2012;7,8;7,7;;5,1;90;;0,4;34;
13.03.2012;7,3;7,3;;5,4;87;;0,2;41;
14.03.2012;7,1;7,1;;5,5;77;;0,0;31;
15.03.2012;7,5;7,5;;5,6;73;;0,0;103;
16.03.2012;11,0;10,5;;5,8;64;;0,0;169;
17.03.2012;13,8;13,0;;6,6;58;;0,0;170;
18.03.2012;13,3;13,0;;7,2;55;;2,2;140;
19.03.2012;7,6;8,0;;7,6;59;;0,0;148;
20.03.2012;7,4;7,9;;7,0;62;;0,0;186;
21.03.2012;9,9;10,2;;7,2;72;;0,0;152;
22.03.2012;9,5;9,3;;7,7;84;;0,0;82;
23.03.2012;9,7;9,9;;7,7;77;;0,0;172;
24.03.2012;11,0;11,1;;8,1;75;;0,0;184;
25.03.2012;11,7;12,0;;8,4;66;;0,0;200;
26.03.2012;8,9;9,4;;8,6;62;;0,0;202;
27.03.2012;9,8;9,9;;8,3;70;;0,0;170;
28.03.2012;12,7;12,8;;8,6;64;;0,0;195;
29.03.2012;9,3;9,1;;8,9;67;;0,8;42;
30.03.2012;8,3;8,4;;8,3;77;;1,6;77;
31.03.2012;6,8;7,0;;8,3;71;;0,8;87;
01.04.2012;6,2;7,3;;7,8;56;;0,0;178;
02.04.2012;7,7;7,8;;7,9;69;;0,0;64;
03.04.2012;10,5;10,4;;8,0;67;;0,0;171;
04.04.2012;9,6;9,9;;8,6;79;;2,2;107;
05.04.2012;5,9;6,4;;8,9;91;;0,0;11;
08.04.2012;2,3;3,0;;7,1;60;;0,0;123;
09.04.2012;6,7;7,1;;6,8;54;;0,0;207;
10.04.2012;12,7;12,5;;7,8;57;;0,0;162;
11.04.2012;11,5;11,5;;8,6;59;;0,0;99;
12.04.2012;8,2;8,6;;8,8;85;;12,0;91;
13.04.2012;8,2;8,5;;8,7;78;;0,0;126;
14.04.2012;7,8;8,3;;8,5;69;;0,0;202;
15.04.2012;8,8;8,9;;8,8;76;;3,0;62;
16.04.2012;7,7;7,9;;8,7;62;;1,6;127;
17.04.2012;6,5;7,2;;8,4;58;;0,0;184;
18.04.2012;8,6;8,5;;8,4;54;;0,0;174;
19.04.2012;11,1;10,9;;9,0;58;;0,0;183;
20.04.2012;10,8;11,2;;9,4;74;;0,6;167;
21.04.2012;12,2;12,5;;9,9;62;;0,0;224;
22.04.2012;11,6;12,0;;10,4;59;;0,4;192;
23.04.2012;10,3;10,6;;10,5;66;;2,0;189;
24.04.2012;11,6;11,9;;10,4;72;;6,0;170;
25.04.2012;12,9;13,0;;10,9;60;;0,0;207;
26.04.2012;17,6;17,4;;11,6;50;;0,0;252;
27.04.2012;18,4;18,6;;12,6;64;;0,0;255;
28.04.2012;21,9;20,7;;13,5;55;;0,0;273;
29.04.2012;23,7;22,4;;14,3;46;;0,0;208;
30.04.2012;20,2;19,9;;14,7;58;;0,0;205;
01.05.2012;20,9;21,2;;14,8;64;;0,0;266;
02.05.2012;21,6;21,9;;15,4;66;;1,4;258;
03.05.2012;18,3;18,6;;15,7;74;;0,2;145;
04.05.2012;17,4;17,9;;15,5;59;;0,0;250;
05.05.2012;15,4;16,3;;15,1;77;;3,8;155;
06.05.2012;8,7;10,3;;14,5;87;;4,0;87;
07.05.2012;11,5;12,4;;13,7;81;;0,2;152;
08.05.2012;15,1;15,1;;13,8;70;;0,0;185;
09.05.2012;17,4;17,2;;14,2;71;;0,2;140;
10.05.2012;21,2;21,2;;14,9;69;;0,0;247;
11.05.2012;23,6;23,6;;16,2;69;;18,0;201;
12.05.2012;13,3;13,9;;16,6;64;;0,8;188;
13.05.2012;9,1;9,8;;15,0;64;;0,0;136;
14.05.2012;10,9;12,0;;14,3;66;;0,0;253;
15.05.2012;11,4;12,0;;14,2;74;;5,4;185;
16.05.2012;10,5;10,9;;14,0;69;;0,0;151;
17.05.2012;9,7;10,7;;13,7;58;;0,0;240;
18.05.2012;11,0;11,3;;13,5;57;;0,0;224;
19.05.2012;17,0;16,7;;13,9;53;;0,0;294;
20.05.2012;20,2;19,8;;15,1;54;;0,0;309;
21.05.2012;22,3;21,4;;15,9;52;;0,0;160;
22.05.2012;24,4;24,1;;16,6;54;;0,6;247;
23.05.2012;23,6;23,8;;17,5;63;;0,0;285;
24.05.2012;21,5;22,0;;18,0;55;;0,0;293;
25.05.2012;17,5;17,9;;17,8;48;;0,0;315;
26.05.2012;17,8;18,7;;17,5;56;;0,0;295;
27.05.2012;19,4;20,1;;17,8;55;;0,0;223;
28.05.2012;18,5;18,8;;17,7;61;;0,0;232;
29.05.2012;18,9;19,8;;17,7;57;;0,0;264;
30.05.2012;17,8;19,0;;17,9;54;;0,0;275;
31.05.2012;16,1;16,6;;17,6;79;;10,4;128;
01.06.2012;14,3;14,6;;17,1;76;;3,4;126;
02.06.2012;13,3;14,6;;16,6;58;;0,0;237;
03.06.2012;13,5;14,2;;16,4;79;;5,8;99;
04.06.2012;13,7;14,5;;16,2;83;;0,6;142;
05.06.2012;11,9;12,6;;16,0;77;;2,8;123;
06.06.2012;12,5;13,2;;15,6;73;;0,0;187;
07.06.2012;18,1;18,9;;16,1;75;;0,8;199;
08.06.2012;21,2;21,1;;17,1;64;;0,0;197;
09.06.2012;19,3;19,1;;17,6;56;;0,0;195;
10.06.2012;15,9;16,1;;17,2;70;;0,0;144;
11.06.2012;15,8;16,4;;16,9;81;;0,6;154;
12.06.2012;17,7;18,5;;17,1;73;;0,0;189;
13.06.2012;16,1;16,2;;17,1;80;;8,0;95;
14.06.2012;14,0;14,8;;16,7;85;;10,8;116;
15.06.2012;18,1;18,8;;16,7;69;;0,0;252;
16.06.2012;23,4;23,8;;18,0;63;;9,0;280;
17.06.2012;19,0;19,6;;18,7;71;;0,0;200;
18.06.2012;23,9;23,7;;18,7;65;;0,0;240;
19.06.2012;20,9;21,2;;19,4;64;;0,0;222;
20.06.2012;20,6;21,6;;19,5;85;;25,2;161;
21.06.2012;17,8;18,7;;19,6;92;;5,6;81;
22.06.2012;21,1;21,7;;19,5;65;;0,0;272;
23.06.2012;20,1;21,0;;19,6;59;;0,0;289;
24.06.2012;20,6;21,2;;19,7;63;;0,8;252;
25.06.2012;16,7;17,7;;19,6;68;;3,6;218;
26.06.2012;15,3;15,5;;19,0;68;;0,0;132;
27.06.2012;18,8;19,6;;18,4;68;;2,4;220;
28.06.2012;21,6;21,9;;19,1;75;;0,2;207;
29.06.2012;26,0;26,0;;20,0;61;;0,0;294;
30.06.2012;25,3;25,3;;20,9;74;;1,6;209;
01.07.2012;21,8;22,5;;21,2;81;;11,4;150;
02.07.2012;20,4;21,4;;20,9;78;;17,2;186;
03.07.2012;19,3;20,2;;20,6;88;;5,4;99;
04.07.2012;21,5;22,2;;20,6;81;;0,0;178;
05.07.2012;22,3;23,3;;21,0;86;;24,8;200;
06.07.2012;22,2;23,5;;21,3;84;;11,4;246;
07.07.2012;20,4;21,4;;21,6;90;;4,6;142;
08.07.2012;21,2;22,4;;21,4;82;;3,4;252;
09.07.2012;22,0;22,3;;21,6;59;;0,0;277;
10.07.2012;22,0;22,4;;21,6;64;;0,0;222;
11.07.2012;21,0;21,5;;21,6;67;;0,2;243;
12.07.2012;16,6;17,6;;21,3;70;;6,4;196;
13.07.2012;15,5;15,9;;20,1;80;;1,4;140;
14.07.2012;18,8;19,0;;20,1;73;;3,6;185;
15.07.2012;18,1;19,2;;20,1;70;;4,6;219;
16.07.2012;16,9;17,8;;19,9;71;;0,6;202;
17.07.2012;17,7;18,0;;19,7;77;;8,2;161;
18.07.2012;20,3;20,3;;19,7;70;;0,0;151;
19.07.2012;21,3;21,1;;20,0;59;;0,0;174;
20.07.2012;18,3;18,5;;19,8;66;;0,0;134;
21.07.2012;17,6;18,5;;19,6;66;;0,0;213;
22.07.2012;16,8;17,7;;19,7;66;;0,0;238;
23.07.2012;19,1;19,9;;19,7;64;;0,0;301;
24.07.2012;22,4;22,7;;20,2;63;;0,0;292;
25.07.2012;25,1;25,3;;21,0;65;;0,0;253;
26.07.2012;25,8;26,0;;21,7;70;;0,0;231;
27.07.2012;26,6;26,8;;22,3;66;;0,0;264;
28.07.2012;25,7;25,7;;22,8;71;;1,0;185;
29.07.2012;22,1;22,2;;22,6;72;;0,4;149;
30.07.2012;20,1;20,8;;21,9;60;;0,2;222;
31.07.2012;19,7;20,4;;21,5;68;;0,0;184;
01.08.2012;21,7;22,2;;21,3;64;;0,0;276;
02.08.2012;24,1;24,2;;21,7;70;;0,8;209;
03.08.2012;21,9;22,1;;21,8;78;;0,6;176;
04.08.2012;21,1;21,3;;21,6;79;;0,6;169;
05.08.2012;22,2;22,4;;21,4;81;;6,6;154;
06.08.2012;21,2;21,2;;21,5;81;;1,2;93;
07.08.2012;21,1;21,6;;21,2;57;;0,0;214;
08.08.2012;19,4;19,8;;21,0;60;;0,0;195;
09.08.2012;19,3;20,1;;20,9;66;;0,0;213;
10.08.2012;18,0;18,6;;20,8;63;;0,0;165;
11.08.2012;16,6;17,1;;20,3;74;;1,4;162;
12.08.2012;16,2;17,0;;19,8;68;;0,0;264;
13.08.2012;16,3;17,0;;19,5;65;;0,0;254;
14.08.2012;17,6;18,4;;19,5;64;;0,0;258;
15.08.2012;18,3;19,2;;19,6;65;;0,0;263;
16.08.2012;17,8;18,1;;19,6;75;;0,0;105;
17.08.2012;19,0;19,2;;19,4;72;;0,0;201;
18.08.2012;21,5;22,0;;19,7;63;;0,0;245;
19.08.2012;26,7;26,5;;20,4;53;;0,0;252;
20.08.2012;29,4;29,8;;21,4;54;;6,2;232;
21.08.2012;25,6;26,2;;22,3;77;;1,8;196;
22.08.2012;22,3;22,4;;22,1;75;;21,4;157;
23.08.2012;19,8;20,7;;21,5;68;;0,0;236;
24.08.2012;20,2;20,5;;21,0;85;;15,4;122;
25.08.2012;23,2;23,4;;21,4;70;;0,0;172;
26.08.2012;20,4;20,5;;21,6;65;;0,0;151;
27.08.2012;18,1;18,7;;21,0;69;;0,0;191;
28.08.2012;19,3;19,5;;20,5;67;;0,0;201;
29.08.2012;22,4;22,9;;20,8;66;;0,0;220;
30.08.2012;21,0;21,1;;21,1;79;;0,0;91;
31.08.2012;16,7;17,2;;20,5;93;;0,0;49;
01.09.2012;15,4;15,5;;20,1;94;;0,0;8;
02.09.2012;15,7;16,4;;19,4;85;;0,0;114;
03.09.2012;18,2;19,0;;19,3;78;;0,0;200;
04.09.2012;17,4;17,9;;19,4;79;;0,0;189;
05.09.2012;16,5;16,8;;19,2;87;;0,0;89;
06.09.2012;15,6;15,9;;19,1;67;;0,0;155;
07.09.2012;8,8;8,3;;18,9;96;;0,0;6;
23.09.2012;11,5;12,4;;15,6;72;;0,0;157;
24.09.2012;15,8;15,7;;15,7;65;;0,0;134;
25.09.2012;17,3;16,7;;16,2;66;;0,0;131;
26.09.2012;17,3;16,9;;16,4;80;;0,0;122;
27.09.2012;16,1;16,3;;16,7;73;;0,0;138;
28.09.2012;14,7;14,6;;16,5;71;;0,0;102;
29.09.2012;13,9;13,8;;15,9;76;;0,0;112;
30.09.2012;11,6;12,3;;15,6;77;;0,0;159;
01.10.2012;11,5;11,6;;15,0;86;;0,0;95;
02.10.2012;13,7;13,8;;15,0;77;;0,0;136;
03.10.2012;14,1;13,4;;14,8;73;;0,0;119;
04.10.2012;15,0;13,9;;15,1;70;;1,2;58;
05.10.2012;14,8;13,8;;14,8;68;;0,0;60;
06.10.2012;16,3;16,0;;15,2;78;;3,8;89;
07.10.2012;10,5;10,7;;14,9;75;;0,0;85;
08.10.2012;9,6;9,7;;14,4;76;;0,0;85;
09.10.2012;8,8;8,9;;13,7;74;;0,0;102;
10.10.2012;8,0;7,9;;13,1;78;;0,0;64;
11.10.2012;8,5;8,5;;13,0;80;;0,2;89;
12.10.2012;8,2;8,5;;12,4;86;;1,6;108;
13.10.2012;11,3;11,4;;12,7;71;;0,0;124;
14.10.2012;11,1;11,1;;12,7;72;;0,0;74;
15.10.2012;10,3;9,8;;12,8;81;;1,0;26;
16.10.2012;7,9;8,3;;12,3;83;;0,0;106;
17.10.2012;10,4;10,2;;12,0;77;;0,0;109;
18.10.2012;13,8;13,5;;12,4;74;;0,0;112;
19.10.2012;14,7;14,2;;12,9;77;;0,0;111;
20.10.2012;13,1;13,2;;13,0;84;;0,0;110;
21.10.2012;11,3;12,1;;13,0;88;;0,0;101;
22.10.2012;10,3;10,8;;12,9;91;;0,0;36;
23.10.2012;10,5;10,9;;12,9;90;;0,0;26;
24.10.2012;10,8;11,2;;12,9;86;;0,0;29;
25.10.2012;10,3;10,3;;12,8;85;;0,4;21;
26.10.2012;5,7;6,3;;12,4;73;;1,2;63;
27.10.2012;1,3;2,0;;11,3;93;;6,2;24;
28.10.2012;1,6;3,1;;10,3;89;;0,2;72;
29.10.2012;-0,6;0,3;;9,5;94;;0,0;56;
30.10.2012;3,1;3,2;;8,8;88;;0,2;30;
31.10.2012;6,0;5,8;;8,9;82;;0,0;77;
01.11.2012;7,2;6,8;;9,1;81;;2,4;27;
02.11.2012;8,5;8,0;;9,2;72;;0,4;68;
03.11.2012;10,1;9,5;;9,4;75;;2,8;32;
04.11.2012;9,3;9,1;;9,8;86;;2,4;32;
05.11.2012;9,3;9,0;;10,0;81;;2,4;49;
06.11.2012;6,6;6,5;;9,8;78;;0,6;45;
07.11.2012;8,8;8,5;;9,4;80;;0,0;23;
08.11.2012;9,4;9,1;;9,7;72;;0,0;38;
09.11.2012;8,9;8,5;;9,7;78;;0,4;37;
10.11.2012;8,2;7,9;;9,4;75;;0,6;46;
11.11.2012;8,8;8,8;;9,4;88;;8,6;25;
12.11.2012;8,6;8,5;;9,6;87;;0,0;33;
13.11.2012;3,9;4,0;;9,3;92;;0,0;59;
14.11.2012;2,4;2,3;;8,3;88;;0,0;72;
15.11.2012;1,8;1,7;;7,4;89;;0,0;70;
16.11.2012;2,5;2,8;;7,2;87;;0,0;46;
17.11.2012;2,8;2,5;;6,9;85;;0,0;68;
18.11.2012;4,4;4,4;;6,7;86;;0,0;24;
19.11.2012;6,6;6,2;;7,2;87;;0,0;50;
20.11.2012;4,7;4,3;;7,1;94;;0,0;22;
21.11.2012;6,8;6,0;;7,1;88;;0,0;55;
22.11.2012;5,2;4,4;;7,1;89;;0,0;32;
23.11.2012;4,2;4,0;;6,7;90;;0,0;52;
24.11.2012;6,9;6,4;;6,8;86;;0,0;26;
25.11.2012;8,1;7,4;;7,1;77;;0,0;35;
26.11.2012;5,8;5,2;;6,9;87;;0,0;31;
27.11.2012;8,2;7,9;;7,2;88;;0,0;21;
28.11.2012;7,3;7,3;;7,6;96;;2,4;14;
29.11.2012;2,9;3,1;;7,3;96;;36,2;15;
30.11.2012;1,7;2,0;;6,4;92;;4,8;22;
01.12.2012;-0,2;-0,1;;5,9;85;;0,0;63;
02.12.2012;-0,7;-0,4;;5,3;84;;0,0;44;
03.12.2012;0,6;0,6;;5,1;87;;0,6;35;
04.12.2012;2,5;2,1;;4,9;84;;0,6;28;
05.12.2012;0,4;0,6;;5,0;79;;0,0;35;
06.12.2012;-2,1;-1,8;;4,5;86;;1,0;25;
07.12.2012;-4,1;-4,5;;4,3;82;;0,0;39;
08.12.2012;-7,2;-7,1;;4,0;82;;0,0;56;
09.12.2012;-3,9;-3,6;;3,7;86;;5,6;35;
10.12.2012;0,1;0,1;;3,7;94;;3,0;21;
11.12.2012;-2,1;-0,8;;3,8;89;;1,6;19;
12.12.2012;-3,9;-1,3;;4,0;84;;0,0;25;
13.12.2012;-2,2;-1,9;;4,0;81;;0,0;32;
14.12.2012;-1,6;-1,9;;3,9;74;;0,0;35;
15.12.2012;1,7;0,8;;3,8;88;;2,2;25;
16.12.2012;3,1;2,3;;3,8;94;;3,4;31;
17.12.2012;3,3;2,6;;3,9;95;;0,0;30;
18.12.2012;3,4;3,0;;3,9;98;;2,4;21;
19.12.2012;3,8;3,8;;4,2;99;;3,2;19;
20.12.2012;2,7;2,8;;4,4;90;;0,0;31;
21.12.2012;0,1;0,1;;4,1;79;;0,0;27;
22.12.2012;0,7;0,8;;3,6;90;;1,2;18;
23.12.2012;2,7;2,8;;3,6;96;;11,0;18;
24.12.2012;6,0;5,7;;4,0;97;;5,4;21;
25.12.2012;8,8;6,5;;4,4;73;;0,0;11;
26.02.2013;1,5;1,5;;2,0;94;;0,0;17;
27.02.2013;1,7;1,6;;2,1;95;;0,0;26;
28.02.2013;2,8;2,8;;2,3;89;;0,0;42;
01.03.2013;2,5;2,5;;2,6;81;;0,0;37;
02.03.2013;1,1;1,3;;2,6;83;;0,0;104;
03.03.2013;2,3;2,2;;2,5;79;;0,0;58;
04.03.2013;3,9;4,1;;2,7;71;;0,0;148;
05.03.2013;6,3;6,2;;3,1;58;;0,0;152;
06.03.2013;7,3;7,0;;3,6;60;;0,0;147;
07.03.2013;7,3;6,9;;3,9;78;;0,6;74;
08.03.2013;3,6;3,8;;4,3;91;;1,4;32;
09.03.2013;1,7;2,1;;4,0;90;;1,2;33;
10.03.2013;4,2;4,7;;4,0;90;;0,4;78;
11.03.2013;-3,1;-2,4;;4,0;83;;0,6;33;
12.03.2013;-3,1;-2,4;;3,3;84;;3,0;49;
13.03.2013;-3,4;-1,9;;3,0;80;;0,8;23;
14.03.2013;-3,9;-3,2;;2,9;74;;0,0;147;
15.03.2013;-2,4;-1,9;;2,7;81;;0,0;105;
16.03.2013;-2,7;-2,9;;2,5;65;;0,0;189;
17.03.2013;1,6;1,4;;2,3;53;;0,0;159;
18.03.2013;2,5;2,7;;2,4;70;;1,2;88;
19.03.2013;0,4;0,7;;2,7;87;;3,6;27;
20.03.2013;2,7;2,8;;2,6;79;;0,4;115;
21.03.2013;0,7;0,9;;2,8;87;;0,0;56;
22.03.2013;-1,1;-0,6;;2,7;81;;0,0;50;
23.03.2013;-4,8;-3,8;;2,4;58;;0,0;190;
24.03.2013;-4,5;-3,5;;2,0;53;;0,0;205;
25.03.2013;-2,6;-2,1;;1,7;58;;0,0;145;
26.03.2013;-1,4;-0,7;;1,6;52;;0,0;182;
27.03.2013;-0,7;-0,1;;1,6;59;;0,0;138;
28.03.2013;-0,1;-0,2;;1,7;81;;0,0;46;
29.03.2013;1,1;0,8;;1,7;86;;4,4;69;
30.03.2013;1,6;1,5;;1,8;75;;0,0;110;
31.03.2013;0,7;0,9;;2,1;81;;0,0;66;
01.04.2013;0,7;1,1;;2,2;78;;0,0;71;
02.04.2013;0,8;1,3;;2,3;74;;0,0;121;
03.04.2013;1,3;1,4;;2,5;70;;0,0;49;
04.04.2013;1,5;1,8;;2,5;78;;0,0;42;
05.04.2013;2,6;2,7;;2,7;80;;0,0;39;
06.04.2013;2,3;2,5;;2,8;88;;0,0;33;
07.04.2013;3,6;4,3;;3,2;71;;0,0;165;
08.04.2013;4,4;4,9;;3,7;60;;0,0;209;
09.04.2013;7,3;7,6;;4,2;63;;0,8;156;
10.04.2013;8,0;8,1;;4,9;84;;1,2;105;
11.04.2013;10,5;9,8;;5,4;76;;0,6;107;
12.04.2013;11,0;10,6;;6,1;82;;2,4;93;
13.04.2013;10,6;10,6;;6,5;73;;2,0;138;
14.04.2013;11,9;11,7;;6,8;71;;0,0;143;
15.04.2013;16,4;16,1;;7,7;54;;0,0;226;
16.04.2013;17,0;16,6;;8,7;53;;0,2;147;
17.04.2013;17,5;17,2;;9,4;63;;0,0;204;
18.04.2013;19,9;18,8;;10,2;58;;0,0;165;
19.04.2013;15,4;15,3;;10,7;45;;0,0;130;
20.04.2013;10,9;11,0;;10,4;59;;0,0;94;
21.04.2013;12,1;12,3;;10,0;65;;0,0;197;
22.04.2013;14,1;14,5;;10,4;70;;0,0;185;
23.04.2013;15,4;15,5;;10,9;59;;0,0;220;
24.04.2013;16,3;16,7;;11,4;65;;0,0;226;
25.04.2013;17,2;17,1;;11,8;69;;0,0;200;
26.04.2013;20,3;20,3;;12,3;56;;0,2;224;
27.04.2013;9,9;10,5;;12,6;91;;5,2;49;
28.04.2013;8,6;9,6;;11,5;79;;1,2;117;
29.04.2013;12,3;12,5;;11,4;74;;0,4;110;
30.04.2013;10,1;10,4;;11,4;85;;4,8;88;
01.05.2013;10,9;11,1;;11,2;84;;0,2;85;
02.05.2013;12,2;12,6;;11,3;87;;0,0;67;
03.05.2013;12,4;12,8;;11,5;73;;0,0;90;
04.05.2013;13,1;13,1;;11,6;77;;0,0;136;
05.05.2013;16,0;16,3;;12,0;70;;0,0;235;
06.05.2013;15,9;16,2;;12,5;80;;0,4;157;
07.05.2013;16,8;17,1;;13,0;92;;22,6;102;
08.05.2013;19,3;19,8;;13,7;78;;0,0;247;
09.05.2013;18,4;18,7;;14,5;81;;1,2;183;
10.05.2013;14,6;14,9;;14,6;94;;10,0;76;
11.05.2013;14,5;15,5;;14,2;78;;0,0;150;
12.05.2013;13,1;13,8;;14,1;74;;0,8;171;
13.05.2013;12,8;14,0;;13,7;65;;0,0;225;
14.05.2013;15,9;15,9;;14,0;61;;0,0;206;
15.05.2013;18,9;18,3;;14,2;58;;0,0;303;
16.05.2013;20,4;19,8;;15,0;59;;0,0;268;
17.05.2013;20,8;20,0;;15,5;62;;0,0;226;
18.05.2013;15,8;15,5;;15,6;81;;5,2;109;
19.05.2013;17,7;18,6;;15,1;72;;5,4;288;
20.05.2013;16,2;16,2;;15,6;66;;0,0;176;
21.05.2013;15,1;15,1;;15,1;65;;0,0;192;
22.05.2013;11,4;12,2;;14,9;80;;3,0;88;
23.05.2013;10,9;12,6;;14,3;59;;0,0;242;
24.05.2013;9,7;11,2;;14,0;76;;0,4;130;
25.05.2013;10,9;12,7;;13,8;78;;3,0;150;
26.05.2013;8,3;9,5;;13,6;89;;16,6;53;
27.05.2013;10,6;11,9;;12,9;93;;18,0;73;
28.05.2013;11,8;12,3;;13,1;91;;19,8;48;
29.05.2013;14,5;15,9;;13,3;87;;20,2;189;
30.05.2013;12,5;13,0;;13,8;89;;18,0;40;
31.05.2013;14,6;14,7;;13,8;92;;10,0;95;
01.06.2013;13,0;13,4;;13,7;99;;28,2;34;
02.06.2013;11,3;11,9;;13,6;99;;49,6;35;
03.06.2013;10,2;10,8;;13,0;94;;25,6;47;
04.06.2013;12,6;12,8;;12,9;91;;2,8;79;
05.06.2013;15,3;15,9;;13,2;66;;0,0;329;
06.06.2013;16,8;17,0;;14,0;79;;0,0;201;
07.06.2013;18,4;18,1;;14,6;82;;1,0;198;
08.06.2013;19,2;19,1;;15,1;83;;0,0;185;
09.06.2013;17,8;17,9;;15,6;90;;12,8;142;
10.06.2013;16,4;16,7;;15,6;84;;0,0;122;
11.06.2013;17,6;17,1;;15,5;68;;0,0;282;
12.06.2013;19,1;18,3;;15,7;67;;0,0;272;
13.06.2013;22,4;20,4;;16,1;62;;0,0;254;
14.06.2013;18,2;18,3;;16,6;67;;3,4;240;
15.06.2013;19,1;18,6;;16,5;69;;0,0;262;
16.06.2013;20,5;18,9;;16,8;59;;0,0;267;
17.06.2013;21,7;21,4;;16,9;70;;0,0;293;
18.06.2013;27,0;25,6;;17,8;70;;0,0;301;
19.06.2013;28,7;27,1;;18,8;69;;0,0;305;
20.06.2013;28,5;28,0;;19,6;68;;24,2;289;
21.06.2013;22,0;22,1;;19,8;70;;1,2;235;
22.06.2013;22,4;22,4;;19,4;65;;0,0;272;
23.06.2013;20,9;19,9;;19,3;65;;0,0;197;
24.06.2013;18,1;18,1;;18,9;71;;3,8;127;
25.06.2013;13,2;14,0;;18,1;94;;43,6;57;
26.06.2013;12,8;13,5;;17,1;78;;8,6;113;
27.06.2013;13,9;14,8;;16,7;76;;0,0;139;
28.06.2013;15,0;15,9;;16,6;78;;0,0;187;
29.06.2013;15,5;16,1;;16,7;81;;3,0;111;
30.06.2013;14,9;15,6;;16,7;65;;0,0;207;
01.07.2013;20,5;20,4;;17,0;62;;0,0;285;
02.07.2013;21,4;20,7;;17,7;67;;0,0;260;
03.07.2013;21,0;20,3;;18,0;76;;0,0;164;
04.07.2013;21,2;20,2;;18,2;76;;0,0;178;
05.07.2013;21,2;20,9;;18,3;79;;0,0;162;
06.07.2013;21,5;20,8;;18,5;72;;0,0;238;
07.07.2013;20,6;19,9;;18,6;66;;0,0;307;
08.07.2013;21,2;20,4;;18,5;68;;0,0;247;
09.07.2013;22,5;21,2;;18,7;68;;0,0;236;
10.07.2013;21,4;21,2;;18,8;68;;0,0;266;
11.07.2013;17,1;16,6;;18,6;70;;0,0;93;
12.07.2013;19,2;19,6;;18,3;65;;0,0;235;
13.07.2013;19,8;19,3;;18,4;64;;0,0;248;
14.07.2013;19,2;19,6;;18,3;70;;0,0;259;
15.07.2013;18,8;19,3;;18,5;65;;0,0;236;
16.07.2013;20,6;20,6;;18,3;64;;0,0;291;
17.07.2013;21,9;21,5;;18,5;64;;0,0;253;
18.07.2013;22,4;22,6;;18,7;68;;0,0;233;
19.07.2013;23,4;24,0;;18,9;63;;0,0;280;
20.07.2013;22,3;22,4;;19,2;62;;0,0;218;
21.07.2013;22,3;22,9;;19,1;59;;0,0;298;
22.07.2013;23,8;24,4;;19,2;59;;0,0;295;
23.07.2013;24,1;24,6;;19,8;57;;0,0;281;
24.07.2013;24,1;24,9;;20,3;57;;0,0;273;
25.07.2013;23,6;24,2;;20,9;73;;0,4;199;
26.07.2013;26,2;27,0;;21,2;62;;0,0;264;
27.07.2013;28,9;29,6;;21,9;57;;0,0;262;
28.07.2013;30,1;30,1;;22,5;51;;0,0;220;
29.07.2013;22,9;23,4;;22,6;83;;37,0;129;
30.07.2013;21,8;22,1;;21,9;72;;8,0;175;
31.07.2013;21,4;21,6;;21,7;69;;0,0;143;
01.08.2013;23,2;23,9;;21,6;69;;0,0;245;
02.08.2013;26,6;26,9;;22,3;63;;0,0;282;
03.08.2013;28,2;28,4;;23,1;59;;0,0;242;
04.08.2013;23,3;23,9;;23,5;79;;14,8;167;
05.08.2013;22,1;22,4;;22,7;82;;0,2;205;
06.08.2013;24,7;24,9;;22,8;74;;8,0;188;
07.08.2013;23,7;24,4;;22,9;78;;0,0;240;
08.08.2013;24,2;24,4;;23,3;72;;0,0;170;
09.08.2013;17,6;18,3;;22,7;85;;8,0;75;
10.08.2013;18,7;19,6;;21,6;80;;1,0;201;
11.08.2013;17,6;18,1;;21,4;72;;0,0;195;
12.08.2013;19,0;19,3;;20,8;67;;0,0;183;
13.08.2013;16,7;17,3;;20,7;78;;1,2;154;
14.08.2013;16,1;16,1;;20,1;68;;0,0;190;
15.08.2013;16,9;17,3;;19,6;67;;0,0;214;
16.08.2013;19,9;19,6;;19,8;59;;0,0;258;
17.08.2013;21,8;21,6;;20,1;62;;0,0;228;
18.08.2013;23,3;22,9;;20,6;63;;0,0;187;
19.08.2013;20,2;19,7;;20,8;75;;1,0;71;
20.08.2013;17,2;17,4;;20,3;78;;0,2;128;
21.08.2013;16,5;16,9;;19,8;74;;0,0;197;
22.08.2013;17,2;17,6;;19,4;70;;0,0;242;
23.08.2013;16,6;16,6;;19,2;84;;0,2;98;
24.08.2013;19,3;19,5;;19,2;69;;0,0;202;
25.08.2013;18,0;18,2;;19,2;74;;0,0;156;
26.08.2013;17,5;17,1;;19,2;64;;0,0;156;
27.08.2013;15,5;15,6;;18,6;73;;0,0;149;
28.08.2013;17,8;18,0;;18,6;71;;0,0;166;
29.08.2013;18,0;18,2;;18,6;70;;0,0;228;
30.08.2013;18,8;18,6;;18,6;70;;0,0;167;
31.08.2013;19,9;20,1;;18,8;68;;0,0;158;
01.09.2013;16,3;16,3;;18,8;61;;0,0;137;
02.09.2013;15,6;15,1;;18,2;73;;1,8;63;
03.09.2013;17,7;17,4;;18,0;87;;1,0;40;
04.09.2013;18,9;19,1;;18,4;87;;1,0;123;
05.09.2013;19,1;19,2;;18,5;79;;0,0;197;
06.09.2013;20,0;19,5;;18,7;67;;0,0;218;
07.09.2013;20,1;19,3;;18,6;63;;0,0;220;
08.09.2013;20,4;19,7;;18,5;66;;0,0;171;
09.09.2013;14,7;14,9;;18,6;89;;15,6;68;
10.09.2013;13,4;13,3;;17,6;85;;1,4;75;
11.09.2013;12,9;12,7;;16,9;79;;0,0;75;
12.09.2013;14,2;14,8;;16,8;78;;0,0;99;
13.09.2013;15,9;16,0;;16,9;77;;0,6;120;
14.09.2013;18,2;18,2;;17,3;71;;0,0;185;
15.09.2013;15,5;15,8;;17,5;87;;0,0;50;
16.09.2013;14,9;14,7;;17,3;79;;3,6;55;
17.09.2013;11,0;11,0;;16,7;80;;0,4;111;
18.09.2013;10,7;10,4;;15,7;83;;1,6;54;
19.09.2013;11,7;11,5;;15,5;79;;1,4;71;
20.09.2013;13,4;13,4;;15,4;82;;2,6;66;
21.09.2013;14,0;13,9;;15,7;84;;0,4;87;
22.09.2013;14,7;14,4;;15,6;80;;0,0;78;
23.09.2013;16,4;15,6;;15,9;80;;0,0;42;
24.09.2013;15,7;15,3;;16,0;80;;0,8;49;
25.09.2013;13,1;13,7;;15,9;87;;0,0;58;
26.09.2013;12,4;12,3;;15,8;88;;10,6;37;
27.09.2013;8,6;9,2;;14,9;85;;0,0;134;
28.09.2013;9,3;9,9;;14,1;81;;0,0;160;
29.09.2013;9,4;9,5;;13,8;76;;0,0;155;
30.09.2013;8,1;8,1;;13,5;76;;0,0;161;
01.10.2013;6,1;6,3;;12,8;81;;0,0;138;
02.10.2013;6,2;6,4;;12,3;76;;0,0;137;
03.10.2013;7,2;7,0;;11,9;65;;0,0;156;
04.10.2013;10,0;9,8;;11,9;50;;0,0;147;
05.10.2013;10,0;9,8;;12,0;61;;0,0;129;
06.10.2013;9,7;9,7;;12,0;88;;0,0;42;
07.10.2013;13,2;13,3;;12,5;87;;0,0;53;
08.10.2013;13,9;13,6;;13,1;77;;0,0;132;
09.10.2013;12,1;11,7;;13,1;82;;0,0;43;
10.10.2013;11,2;11,2;;13,1;90;;18,8;36;
11.10.2013;10,2;10,6;;12,8;98;;16,4;24;
12.10.2013;11,4;11,6;;12,8;95;;10,2;51;
13.10.2013;9,3;9,5;;12,8;87;;0,0;96;
14.10.2013;10,0;9,5;;12,1;82;;0,0;86;
15.10.2013;10,7;10,1;;12,2;85;;0,2;40;
16.10.2013;9,2;9,3;;12,1;92;;4,0;44;
17.10.2013;11,3;10,6;;11,8;82;;2,2;87;
18.10.2013;10,5;10,0;;12,1;80;;0,2;39;
19.10.2013;9,6;9,5;;11,7;81;;0,0;116;
20.10.2013;13,4;13,1;;11,9;83;;1,8;61;
21.10.2013;14,7;13,2;;12,4;85;;0,0;62;
22.10.2013;16,0;15,0;;12,6;79;;0,0;105;
23.10.2013;16,9;16,0;;13,1;77;;0,2;67;
24.10.2013;15,6;14,4;;13,4;75;;0,0;83;
25.10.2013;12,2;11,7;;12,9;88;;0,0;74;
26.10.2013;18,0;16,9;;13,1;72;;0,0;88;
27.10.2013;17,3;16,0;;13,7;69;;0,8;84;
28.10.2013;18,4;16,8;;13,7;56;;0,0;65;
29.10.2013;13,4;11,8;;13,7;61;;0,0;73;
30.10.2013;9,1;8,1;;12,8;72;;0,0;73;
31.10.2013;6,1;5,5;;11,6;79;;0,0;95;
01.11.2013;6,9;6,4;;10,8;82;;0,0;50;
02.11.2013;12,7;11,5;;10,9;78;;0,4;35;
03.11.2013;11,0;9,5;;11,4;75;;2,6;25;
04.11.2013;10,4;9,4;;11,0;67;;0,0;48;
05.11.2013;7,8;7,3;;10,9;78;;0,8;46;
06.11.2013;8,7;8,2;;10,4;75;;2,6;56;
07.11.2013;14,9;13,6;;10,7;74;;1,6;41;
08.11.2013;12,2;11,7;;11,4;84;;1,2;29;
09.11.2013;10,6;9,2;;11,4;74;;0,4;44;
10.11.2013;7,1;6,6;;10,6;81;;2,0;27;
11.11.2013;6,5;6,7;;10,2;86;;1,0;33;
12.11.2013;3,4;2,9;;9,6;85;;0,0;75;
13.11.2013;4,1;3,9;;8,9;95;;1,8;25;
14.11.2013;3,0;3,4;;8,5;90;;0,0;63;
15.11.2013;3,9;4,6;;8,4;89;;0,2;34;
16.11.2013;3,9;4,3;;8,4;87;;0,0;40;
17.11.2013;2,4;3,2;;8,1;97;;0,0;30;
18.11.2013;3,9;3,6;;8,0;93;;0,0;23;
19.11.2013;4,7;4,3;;7,5;89;;0,0;38;
20.11.2013;5,4;5,5;;7,8;91;;3,2;14;
21.11.2013;3,9;4,1;;7,8;91;;0,4;17;
22.11.2013;5,9;6,0;;7,8;95;;0,6;18;
23.11.2013;6,6;6,7;;8,0;94;;0,0;15;
24.11.2013;4,3;4,5;;8,0;86;;0,2;27;
25.11.2013;1,1;0,9;;7,4;78;;0,0;37;
26.11.2013;-0,6;-0,2;;6,8;86;;0,0;31;
27.11.2013;-0,7;-0,7;;5,9;79;;0,0;55;
28.11.2013;5,4;4,9;;5,7;85;;0,0;18;
29.11.2013;5,7;5,0;;6,2;80;;0,8;23;
30.11.2013;5,1;4,6;;6,4;85;;0,4;21;
01.12.2013;6,2;5,9;;6,6;81;;0,0;35;
02.12.2013;4,2;3,4;;6,7;87;;0,0;39;
03.12.2013;1,5;0,7;;6,1;79;;0,0;44;
04.12.2013;1,0;0,6;;5,5;86;;0,4;19;
05.12.2013;4,6;4,0;;5,4;75;;5,0;37;
06.12.2013;2,8;2,1;;5,3;68;;0,0;34;
07.12.2013;2,2;1,9;;5,0;78;;0,0;23;
08.12.2013;4,5;4,1;;5,1;86;;2,8;20;
09.12.2013;8,0;7,3;;5,6;88;;6,0;13;
10.12.2013;8,5;8,1;;6,3;96;;1,8;23;
11.12.2013;6,0;5,9;;6,6;97;;0,0;37;
12.12.2013;3,5;3,6;;6,5;92;;0,0;40;
13.12.2013;1,7;1,6;;6,0;93;;0,0;38;
14.12.2013;1,7;1,2;;5,3;88;;0,0;41;
15.12.2013;4,5;3,5;;5,1;84;;0,0;23;
16.12.2013;4,9;3,9;;5,2;75;;0,0;37;
17.12.2013;2,6;2,1;;5,0;77;;0,0;39;
18.12.2013;0,4;0,4;;4,6;82;;0,0;30;
19.12.2013;0,9;0,8;;4,2;79;;0,0;24;
20.12.2013;1,8;1,5;;4,1;88;;0,8;13;
21.12.2013;1,8;0,6;;4,0;85;;0,0;32;
22.12.2013;7,5;6,3;;4,0;75;;0,0;25;
23.12.2013;8,2;6,5;;4,7;76;;0,6;32;
24.12.2013;6,3;5,7;;4,8;76;;0,0;28;
25.12.2013;7,6;6,9;;5,0;77;;0,0;17;
26.12.2013;6,8;5,8;;5,2;88;;0,0;32;
27.12.2013;7,5;6,5;;5,4;74;;0,0;34;
28.12.2013;6,0;5,3;;5,3;75;;0,0;18;
29.12.2013;6,6;5,7;;5,3;76;;0,6;30;
30.12.2013;2,4;1,2;;5,0;82;;0,0;39;
31.12.2013;1,4;0,4;;4,3;85;;0,0;41;
01.01.2014;3,0;2,5;;4,0;79;;0,0;31;
02.01.2014;4,2;3,9;;4,0;75;;0,0;31;
03.01.2014;5,4;4,5;;4,1;79;;0,0;38;
04.01.2014;5,9;4,9;;4,3;82;;0,2;29;
05.01.2014;5,7;4,7;;4,5;90;;2,2;19;
06.01.2014;4,5;3,5;;4,3;83;;0,0;43;
07.01.2014;8,5;7,0;;4,6;79;;2,0;45;
08.01.2014;8,8;7,0;;4,9;79;;0,0;41;
09.01.2014;8,8;7,3;;4,9;79;;0,2;24;
10.01.2014;7,0;5,9;;5,3;67;;0,8;28;
11.01.2014;5,7;4,6;;5,0;73;;0,4;33;
12.01.2014;4,2;3,4;;4,8;71;;0,0;44;
13.01.2014;1,7;1,3;;4,3;81;;0,8;39;
14.01.2014;2,9;3,0;;4,2;94;;3,0;20;
15.01.2014;1,8;2,0;;4,3;99;;4,4;19;
16.01.2014;3,1;2,8;;4,1;88;;0,2;33;
17.01.2014;4,5;4,0;;4,3;87;;0,2;31;
18.01.2014;4,6;3,7;;4,3;88;;0,0;49;
19.01.2014;4,9;4,8;;4,4;90;;0,0;16;
20.01.2014;1,7;2,0;;4,5;94;;0,2;13;
21.01.2014;-0,4;0,4;;4,2;94;;1,6;15;
22.01.2014;-1,9;-0,6;;4,0;89;;0,6;13;
23.01.2014;-1,7;-1,0;;3,7;87;;0,0;13;
24.01.2014;-1,6;-0,9;;3,5;84;;0,0;20;
25.01.2014;-9,3;-6,8;;3,2;80;;0,0;42;
26.01.2014;-6,9;-5,8;;2,7;76;;0,0;68;
27.01.2014;-1,6;-1,7;;2,3;84;;0,0;23;
28.01.2014;-1,7;-1,7;;2,2;86;;0,0;53;
29.01.2014;-2,7;-2,4;;2,2;80;;0,0;27;
30.01.2014;0,6;0,3;;2,2;74;;0,0;70;
31.01.2014;3,6;2,8;;2,2;77;;0,0;41;
01.02.2014;3,5;3,3;;2,4;76;;0,0;68;
02.02.2014;2,1;2,2;;2,8;83;;1,4;21;
03.02.2014;1,8;1,7;;2,9;81;;0,0;44;
04.02.2014;1,9;1,8;;2,8;72;;0,0;82;
05.02.2014;1,8;1,7;;2,7;78;;0,0;80;
06.02.2014;5,4;4,7;;2,8;73;;0,0;59;
07.02.2014;6,5;5,9;;3,3;69;;0,0;52;
08.02.2014;7,1;6,3;;3,6;65;;0,0;73;
09.02.2014;5,8;4,4;;3,8;68;;0,0;36;
10.02.2014;4,4;3,8;;3,6;70;;0,0;84;
11.02.2014;6,3;5,7;;3,7;65;;0,0;83;
12.02.2014;2,0;0,6;;3,6;77;;0,0;54;
13.02.2014;6,1;5,8;;3,3;67;;0,0;79;
14.02.2014;6,4;6,3;;3,9;63;;0,4;105;
15.02.2014;6,6;6,1;;4,0;63;;1,0;17;
16.02.2014;7,4;6,4;;4,2;72;;0,4;57;
17.02.2014;5,0;4,1;;4,2;78;;0,0;96;
18.02.2014;3,8;2,9;;3,9;79;;0,0;62;
19.02.2014;6,4;5,7;;4,0;79;;0,0;65;
20.02.2014;6,1;5,0;;4,3;78;;0,0;60;
21.02.2014;7,7;6,6;;4,4;76;;1,6;65;
22.02.2014;7,1;6,7;;4,7;65;;0,0;113;
23.02.2014;5,6;5,0;;4,7;70;;0,0;113;
24.02.2014;5,7;4,2;;4,5;65;;0,0;129;
25.02.2014;6,3;5,6;;4,5;74;;0,0;122;
26.02.2014;5,8;5,3;;4,6;77;;0,0;109;
27.02.2014;5,4;5,0;;4,6;77;;0,0;100;
28.02.2014;5,4;4,8;;4,7;75;;0,0;64;
01.03.2014;4,7;4,1;;4,7;81;;0,0;131;
02.03.2014;5,0;4,4;;4,6;82;;0,0;109;
03.03.2014;6,5;5,6;;4,7;73;;0,0;88;
04.03.2014;8,0;7,4;;5,0;75;;0,0;68;
05.03.2014;7,8;7,6;;5,4;76;;0,0;80;
06.03.2014;6,1;5,8;;5,6;85;;0,0;46;
07.03.2014;5,3;5,7;;5,5;81;;0,0;121;
08.03.2014;5,5;4,9;;5,6;84;;0,0;89;
09.03.2014;7,3;6,3;;5,5;75;;0,0;155;
10.03.2014;8,1;6,9;;5,7;62;;0,0;152;
11.03.2014;7,7;7,5;;5,7;66;;0,0;151;
12.03.2014;7,0;6,5;;5,8;68;;0,0;158;
13.03.2014;8,4;7,7;;5,9;60;;0,0;159;
14.03.2014;7,6;7,2;;6,0;70;;0,0;159;
15.03.2014;8,6;7,8;;6,2;67;;5,0;72;
16.03.2014;10,2;9,4;;6,3;80;;2,0;21;
17.03.2014;11,7;11,3;;6,9;65;;0,0;73;
18.03.2014;11,8;11,5;;7,3;65;;0,0;90;
19.03.2014;11,1;10,6;;7,7;69;;0,8;71;
20.03.2014;16,1;15,7;;7,9;45;;0,0;185;
21.03.2014;17,2;16,2;;8,5;46;;0,0;181;
22.03.2014;11,9;11,6;;9,0;75;;3,4;59;
23.03.2014;7,5;7,5;;8,8;79;;1,2;56;
24.03.2014;5,3;6,0;;8,2;89;;17,2;70;
25.03.2014;5,2;5,7;;7,8;82;;0,2;96;
26.03.2014;6,2;6,6;;7,6;75;;0,0;159;
27.03.2014;7,8;7,9;;7,6;70;;0,0;186;
28.03.2014;6,5;6,1;;7,6;86;;0,0;67;
29.03.2014;9,7;9,9;;7,7;81;;0,0;170;
30.03.2014;11,7;11,1;;8,3;69;;0,0;195;
31.03.2014;10,2;9,8;;8,6;76;;0,0;127;
01.04.2014;11,0;10,7;;8,7;70;;0,0;147;
02.04.2014;14,3;13,7;;9,1;60;;0,0;191;
03.04.2014;16,1;15,1;;9,8;61;;0,0;182;
04.04.2014;13,5;13,7;;10,2;77;;0,0;214;
MIN;-20,6;-19,4;;-0,3;0;;0,0;2;
MW;11,0;10,7;;11,5;76;;2.849,4;122;
MAX;41,4;44,0;;23,9;100;;22,6;896;